row_id,worksheet_version,review_pool_variant,paper_id,openalex_work_id,work_id,title,year,citation_count,source_slug,topics,abstract_preview,sample_reason,ranking_run_id,family,final_score,rank_in_family,relevance_label,novelty_label,bridge_like_label,reviewer_notes
b64570523311504918bdb35bb7ba58a935184cf7c7368775e5c51eb9b1bc3f0e,ml-shadow-scorer-second-surface-labeling-worksheet-v1,ml_shadow_scorer_second_surface_generalization_v1,https://openalex.org/W4404396137,W4404396137,W4404396137,"Testing Auditory Illusions in Augmented Reality: Plausibility, Transfer-Plausibility, and Authenticity",2024,11,jaes,Hearing Loss and Rehabilitation;Tactile and Sensory Interactions;Image and Video Quality Assessment,"Experiments testing sound for augmented reality can involve real and virtual sound sources. Paradigms are either based on rating various acoustic attributes or testing whether a virtual sound source is believed to be real (i.e., evokes an auditory illusion). This study compares four experimental designs indicating such illusions. The first is an ABX task...",second_surface_score_spread,rank-83787b91ef,emerging,0.513988,8,acceptable,useful,not_applicable,"AR auditory-illusion psychoacoustics; audio perception adjacent, no clear music discovery or recommender value."
bf6d0561cd823602363e4074220cb02ad2d4b43969a9eb9aeadeda3e9ef0bdf6,ml-shadow-scorer-second-surface-labeling-worksheet-v1,ml_shadow_scorer_second_surface_generalization_v1,https://openalex.org/W4412653550,W4412653550,W4412653550,FakeMusicCaps: A Dataset for Detection and Attribution of Synthetic Music Generated via Text-to-Music Models,2025,10,,,"Text-to-music (TTM) models have recently revolutionized the automatic music generation research field, specifically by being able to generate music that sounds more plausible than all previous state-of-the-art models and by lowering the technical proficiency needed to use them. For these reasons, they have readily started to be adopted for commercial uses...",second_surface_high_score_candidate,rank-83787b91ef,emerging,0.465621,21,good,surprising,not_applicable,TTM synthetic-music detection and attribution dataset; core MIR safety/evaluation resource.
68a673c3d714bed5729cad04d9db1db42f853cf8bd43f97d214ba280a505b9c9,ml-shadow-scorer-second-surface-labeling-worksheet-v1,ml_shadow_scorer_second_surface_generalization_v1,https://openalex.org/W4401909510,W4401909510,W4401909510,Jazz Trio Database: Automated Annotation of Jazz Piano Trio Recordings Processed Using Audio Source Separation,2024,4,tismir,Music and Audio Processing;Music Technology and Sound Studies;Speech and Audio Processing,"Recent advances in automatic music transcription have facilitated the creation of large databases of symbolic transcriptions of improvised music forms including jazz, where traditional notated scores are not normally available. In conjunction with music source separation models that enable audio to be ""demixed"" into separate signals for multiple instrumen...",second_surface_high_score_candidate,rank-83787b91ef,emerging,0.459916,24,good,useful,not_applicable,jazz trio source-separation plus symbolic transcription dataset; core MIR resource.
9cbc634c2c2619a11317be41aab9db0d6021c8b18d659d4c8cd6749a70e4bcde,ml-shadow-scorer-second-surface-labeling-worksheet-v1,ml_shadow_scorer_second_surface_generalization_v1,https://openalex.org/W4403467855,W4403467855,W4403467855,Audiovisual Congruence and Localization Performance in Virtual Reality: 3D Loudspeaker Model vs. Human Avatar,2024,7,jaes,3D Surveying and Cultural Heritage,This paper investigates audiovisual congruence in virtual reality with both horizontal and vertical offsets between audio and visual rendering. Audiovisual congruence and localization errors are assessed using loudspeaker playback and nonindividualized headphone rendering. To account for the influence of different types of visual information on congruence...,second_surface_high_score_candidate,rank-83787b91ef,emerging,0.452362,26,acceptable,useful,not_applicable,"spatial-audio VR audiovisual congruence; audio engineering adjacent, no clear music discovery or recommender value."
dec8208328848c696c16b16cf929c0490ae7469a31beb67cd3e0ec843282bb0a,ml-shadow-scorer-second-surface-labeling-worksheet-v1,ml_shadow_scorer_second_surface_generalization_v1,https://openalex.org/W4400775726,W4400775726,W4400775726,Singer and Audience Evaluations of a Networked Immersive Audio Concert,2024,4,jaes,Music Technology and Sound Studies;Diverse Musicological Studies;Music History and Culture,"At the 2023 AES International Conference on Spatial and Immersive Audio, a networked immersive audio concert was performed. A vocal octet connected over the Internet between York and Huddersfield and provided a performance that was auralized in the acoustics of BBC Maida Vale Studio 2. A live audience in Huddersfield experienced the concert with local sin...",second_surface_high_score_candidate,rank-83787b91ef,emerging,0.444271,28,acceptable,useful,not_applicable,"networked immersive-audio concert evaluation; music-performance technology adjacent, not core MIR discovery research."
1e5f9d48b2b139b79ee5db8e6b00a5e0727b619f7add0d8f18245c8e0eb95cc9,ml-shadow-scorer-second-surface-labeling-worksheet-v1,ml_shadow_scorer_second_surface_generalization_v1,https://openalex.org/W4405584712,W4405584712,W4405584712,GOLF: A Singing Voice Synthesiser with Glottal Flow Wavetables and LPC Filters,2024,3,tismir,Music and Audio Processing;Speech and Audio Processing;Music Technology and Sound Studies,"This paper introduces GlOttal‑flow LPC Filter (GOLF), a novel method for singing voice synthesis (SVS) that exploits the physical characteristics of the human voice using differentiable digital signal processing. GOLF employs a glottal model as the harmonic source and LPC filters to simulate the vocal tract, resulting in an interpretable and efficient syn...",second_surface_high_score_candidate,rank-83787b91ef,emerging,0.433921,34,good,useful,not_applicable,differentiable singing-voice synthesis with glottal/LPC modeling; core audio ML for music.
1cec2084706bfed75f401176b899031042c8986037d8f1988ec2926bf454724f,ml-shadow-scorer-second-surface-labeling-worksheet-v1,ml_shadow_scorer_second_surface_generalization_v1,https://openalex.org/W4401401564,W4401401564,W4401401564,The Billboard Melodic Music Dataset (BiMMuDa),2024,1,tismir,Music and Audio Processing;Music Technology and Sound Studies;Neuroscience and Music Perception,"We introduce the Billboard Melodic Music Dataset (BiMMuDa), which contains the lead vocal melodies of the top five songs of each year from 1950 to 2022 according to the Billboard year-end singles charts. In this article, the dataset's compilation process and attributes are described in detail. The melody from each of the 371 songs was transcribed manually...",second_surface_high_score_candidate,rank-83787b91ef,emerging,0.425091,41,good,useful,not_applicable,Billboard vocal melody dataset 1950-2022; core symbolic MIR dataset resource.
c591074c0f6e158c96dcbd64def06092c0a871fc85cdc0212e74c595d92bc3d9,ml-shadow-scorer-second-surface-labeling-worksheet-v1,ml_shadow_scorer_second_surface_generalization_v1,https://openalex.org/W4400775797,W4400775797,W4400775797,Practitioners' Perspectives on Spatial Audio: Insights into Dolby Atmos and Binaural Mixes in Popular Music,2024,1,jaes,Music Technology and Sound Studies,"This paper presents the practitioners' perspective on mixing popular music in spatial audio, particularly Dolby Atmos and the binaural mixes generated by the Dolby and Apple renderers. It presents the results of a dual-stage study, which utilized focus groups with eight professional music producers and a questionnaire completed by 140 practitioners. Analy...",second_surface_high_score_candidate,rank-83787b91ef,emerging,0.414878,49,acceptable,useful,not_applicable,spatial-audio mixing practitioner survey (Dolby Atmos/binaural); music-production technology adjacent to MIR discovery scope.
20d567b00ed6e3d140ad1da8f4f588c5087d32930b7e1ca03f55e7713a5b3c90,ml-shadow-scorer-second-surface-labeling-worksheet-v1,ml_shadow_scorer_second_surface_generalization_v1,https://openalex.org/W4401727628,W4401727628,W4401727628,Charting the Universe of Metal Music Lyrics and Analyzing Their Relation to Perceived Audio Hardness,2024,3,tismir,Music and Audio Processing;Music Technology and Sound Studies;Music History and Culture,"We analyze the relationship between the musical and the lyrical content of metal music by combining automated audio feature extraction and quantitative text analysis on a corpus of 124,288 song lyrics from this genre. Based on this text corpus, a topic model is first constructed using Latent Dirichlet Allocation (LDA). For a subsample of 503 songs, scores...",second_surface_score_spread,rank-83787b91ef,emerging,0.41192,54,good,useful,not_applicable,metal lyrics topic modeling linked to perceived audio hardness; core MIR/music analytics research.
2f7f8d5c5fa4cee58cc117399ce9fb98e228c41c25d0e14fb77adb59e528096d,ml-shadow-scorer-second-surface-labeling-worksheet-v1,ml_shadow_scorer_second_surface_generalization_v1,https://openalex.org/W4400021540,W4400021540,W4400021540,Analysis and Model of Temporal Sound Attributes from Recorded Audio,2024,1,jaes,Music and Audio Processing;Speech and Audio Processing,"A computational framework is proposed for analyzing the temporal evolution of perceptual attributes of sound stimuli. As a paradigm, the perceptual attribute of envelopment, which is manifested in different audio sound reproduction formats, is employed. For this, listener temporal ratings of the envelopment for mono, stereo, and 5.0-channel surround music...",second_surface_high_score_candidate,rank-83787b91ef,emerging,0.400979,60,acceptable,useful,not_applicable,"audio DSP adjacent, but no clear music discovery or recommender value; temporal perceptual-attribute modeling for reproduction formats."
615ff28dba7fa782104034c074654b6b497e19e57d6b78b55c75d3b0bb1f7597,ml-shadow-scorer-second-surface-labeling-worksheet-v1,ml_shadow_scorer_second_surface_generalization_v1,https://openalex.org/W4400775762,W4400775762,W4400775762,Perceptual Comparison of Dynamic Binaural Reproduction Methods for Sparse Head-Mounted Microphone Arrays,2024,2,jaes,Speech and Audio Processing;Acoustic Wave Phenomena Research;Hearing Loss and Rehabilitation,This paper presents results of a listening experiment evaluating three-degrees-of-freedom binaural reproduction of head-mounted microphone array signals. The methods are applied to an array of five microphones whose signals were simulated for static and dynamic array orientations. Methods under test involve scene-agnostic binaural reproduction methods as...,second_surface_high_score_candidate,rank-83787b91ef,emerging,0.385415,69,miss,not_useful,not_applicable,"binaural HMD microphone array reproduction comparison; pure audio engineering, no music discovery or recommender value."
15cb12d468dde8b1ab967c3a5d24796ef3907d4aee6e50ecf3d6ae4d0de90f82,ml-shadow-scorer-second-surface-labeling-worksheet-v1,ml_shadow_scorer_second_surface_generalization_v1,https://openalex.org/W4403467610,W4403467610,W4403467610,Perceived Quality of Binaural Rendering from Baffled Microphone Arrays Evaluated Without an Explicit Reference,2024,1,jaes,Hearing Loss and Rehabilitation;Speech and Audio Processing;Music Technology and Sound Studies,"The authors present a perceptual evaluation of the binaural rendering quality of signals from several types of baffled microphone arrays. They employ the multi-stimulus category rating (MuSCR) paradigm that does not require a reference stimulus. The tested conditions also comprise a very high numerical accuracy stimulus, given the highest quality rating i...",second_surface_high_score_candidate,rank-83787b91ef,emerging,0.384627,71,miss,not_useful,not_applicable,"binaural rendering quality from baffled microphone arrays; audio engineering perceptual study, not music discovery or recommender research."
cac804551e728744b2de54abc743abda386ba7726b05f297948268a9419b8fed,ml-shadow-scorer-second-surface-labeling-worksheet-v1,ml_shadow_scorer_second_surface_generalization_v1,https://openalex.org/W4403445820,W4403445820,W4403445820,Effect of Interpolation Artifacts on Perceived Stability of Nearby Sources in a Navigable Reverberant Virtual Environment,2024,3,jaes,Hearing Loss and Rehabilitation;Speech and Audio Processing;Advanced Adaptive Filtering Techniques,"Convolution with spatial Room Impulse Responses can achieve realistic auralizations. When combined with interpolation between spatially distributed RIRs, this technique can be used to create navigable virtual environments. This study explores the impact of various interpolation parameters on the perceived auditory stability of a nearby static sound source...",second_surface_high_score_candidate,rank-83787b91ef,emerging,0.378266,74,miss,not_useful,not_applicable,RIR interpolation for navigable virtual environments; audio DSP with no music content or discovery value.
2ef44b313d53e555721db5dc9fd25a26a5b26a1e0142ae2e762e05f512b08a06,ml-shadow-scorer-second-surface-labeling-worksheet-v1,ml_shadow_scorer_second_surface_generalization_v1,https://openalex.org/W4403467580,W4403467580,W4403467580,The Influence of Diffuse-Field Equalization on the Perception of Spatial Aliasing Introduced by Spherical Microphone Arrays,2024,1,jaes,Music Technology and Sound Studies;Multisensory perception and integration;Speech and Audio Processing,"When a sound field is sampled by a finite number of microphones, the upper-frequency range of the recorded content is affected by spatial aliasing. The frequency beyond which aliasing-induced artifacts occur is related to the distance between a microphone and its nearest neighbors. In this study, ambisonics signals of order N = 7 were encoded from simulat...",second_surface_high_score_candidate,rank-83787b91ef,emerging,0.375347,75,miss,not_useful,not_applicable,spherical microphone array spatial aliasing in ambisonics; DSP parameter study with no music discovery or recommender value.
cac9fc6ccaba61ffe3f44d387decdd2e7dfb3ca0b0de01c72b8e83f443548ac5,ml-shadow-scorer-second-surface-labeling-worksheet-v1,ml_shadow_scorer_second_surface_generalization_v1,https://openalex.org/W4403467627,W4403467627,W4403467627,Time-Aligned Spatial Upsampling of Spherical Microphone Array Recordings,2024,0,jaes,Speech and Audio Processing;Music and Audio Processing;Music Technology and Sound Studies,"With the Spherical Array Interpolation by Time Alignment (SARITA) method, the authors introduced an approach for spatial upsampling of spherical microphone array (SMA) signals (T. Lübeck, J. M. Arend, and C. Pörschmann, IEEE/ACM Transactions on Audio, Speech, and Language Processing, vol. 31, pp. 1163-1174 [2023]). The basic idea of this method is to perf...",second_surface_high_score_candidate,rank-83787b91ef,emerging,0.373504,77,miss,not_useful,not_applicable,time-aligned spatial upsampling of SMA recordings; audio engineering algorithm with no music discovery or recommender value.
ce99473e1e31c81b068edddebd003372bc120ef791c72c557ab58e69d93ce44e,ml-shadow-scorer-second-surface-labeling-worksheet-v1,ml_shadow_scorer_second_surface_generalization_v1,https://openalex.org/W4405710354,W4405710354,W4405710354,"Spatial Sound, Part 2: Exploring the Impact of Listening Room on Sound Character",2024,0,jaes,Hearing Loss and Rehabilitation;Noise Effects and Management;Music Technology and Sound Studies,"The spatial sound character in a listening room is influenced by both the room acoustics and the sound reproduction system. These elements, either individually or in combination, can improve or reduce the sound quality. This study investigates the impact of room acoustics and electroacoustics on the sound character of popular mainstream music mixed in 7.1...",second_surface_high_score_candidate,rank-83787b91ef,emerging,0.364744,80,acceptable,useful,not_applicable,listening room effect on sound character of popular music in 7.1 surround; music production/reproduction research plausibly relevant to music/audio researcher.
0b244846efddd64985ac8e79b7f324258eb2550b1774e25266d161876dad5403,ml-shadow-scorer-second-surface-labeling-worksheet-v1,ml_shadow_scorer_second_surface_generalization_v1,https://openalex.org/W4412800608,W4412800608,W4412800608,Advancing deep learning for expressive music composition and performance modeling,2025,6,,,"The pursuit of expressive and human-like music generation remains a significant challenge in the field of artificial intelligence (AI). While deep learning has advanced AI music composition and transcription, current models often struggle with long-term structural coherence and emotional nuance. This study presents a comparative analysis of three leading...",second_surface_score_spread,rank-83787b91ef,emerging,0.359614,86,good,useful,not_applicable,comparative deep learning analysis for expressive music composition and performance modeling; core music AI research.
54aa41a55f17d4975f0be89cfc123eee26693fcaacf645889a34b4bc22ffe77d,ml-shadow-scorer-second-surface-labeling-worksheet-v1,ml_shadow_scorer_second_surface_generalization_v1,https://openalex.org/W4404396103,W4404396103,W4404396103,Low-Frequency Sound Wave Propagation at Open-Air Concerts: Acoustic Metamaterial's Audience Phenomenon,2024,0,jaes,Music Technology and Sound Studies;Acoustic Wave Phenomena Research,"Over the past decade, there has been growing concern about how the audience affects sound wave propagation at open-air concerts, particularly in the low-frequency range. The key lies in the difference between the conditions when the system engineer sets up the mid-high units and the subwoofers before the show, without the audience, and when a dense crowd...",second_surface_high_score_candidate,rank-83787b91ef,emerging,0.359001,87,acceptable,useful,not_applicable,low-frequency wave propagation at open-air concerts accounting for audience density; concert acoustics directly relevant to live music engineering.
c4ca12c293df7eba6ea69146c6a687fff37e89467123a04ec1bb701abe396645,ml-shadow-scorer-second-surface-labeling-worksheet-v1,ml_shadow_scorer_second_surface_generalization_v1,https://openalex.org/W4405710384,W4405710384,W4405710384,"Spatial Sound, Part 1: Exploring the Impact of Listening Room on Perceptual Immersion",2024,0,jaes,Hearing Loss and Rehabilitation;Noise Effects and Management;Speech and Audio Processing,"Room acoustics and sound reproduction systems shape the spatial sound character in a listening room, influencing sound quality. This study introduces a novel technique to assess the spatial character of room acoustics and sound reproduction systems, addressing a research gap in understanding spatial differences between listening environments. The techniqu...",second_surface_high_score_candidate,rank-83787b91ef,emerging,0.347645,92,acceptable,useful,not_applicable,listening room effect on perceptual immersion for spatial audio reproduction; plausibly relevant to music/audio listening room research.
285d014c715388d70878ad010446def4b76b821721d5b938cb1ab88345fcfcd0,ml-shadow-scorer-second-surface-labeling-worksheet-v1,ml_shadow_scorer_second_surface_generalization_v1,https://openalex.org/W4400775648,W4400775648,W4400775648,Spatial Sampling of Binaural Room Transfer Functions for Head-Tracked Personal Sound Zones,2024,1,jaes,Noise Effects and Management,"The spatial sampling of binaural room transfer functions that vary with listener movements, as required for rendering personal sound zone (PSZ) with head tracking, was experimentally investigated regarding its dependencies on various factors. Through measurements of the binaural room transfer functions in a practical PSZ system with either translational o...",second_surface_high_score_candidate,rank-83787b91ef,emerging,0.342987,94,miss,not_useful,not_applicable,binaural room transfer functions for personal sound zone rendering with head tracking; PSZ audio engineering with no music or recommender value.
17914b797c17a4d5e05d82cec8bc31f25adfb4d590551183f21b06d2aa45e72c,ml-shadow-scorer-second-surface-labeling-worksheet-v1,ml_shadow_scorer_second_surface_generalization_v1,https://openalex.org/W4399995562,W4399995562,W4399995562,"Investigating individual, loudness-dependent equalization preferences in different driving sound conditions",2024,0,jaes,Vehicle Noise and Vibration Control;Noise Effects and Management;Acoustic Wave Phenomena Research,"In automotive audio playback systems, dynamically increasing driving sounds are typically taken into account by applying a generic, i.e., non-individualized, increase in overall level and low-frequency amplification to compensate increased masking. This study investigated the degree of individuality regarding the preferences of noise-dependent level and e...",second_surface_high_score_candidate,rank-83787b91ef,emerging,0.341664,95,miss,not_useful,not_applicable,individual loudness-dependent EQ preferences in automotive audio under driving noise; automotive audio engineering outside music/MIR scope.
8f6fb37d79def6d107e5c7356f5c41c3b15d5c3b56988afcf2aad9ec8fbb7c49,ml-shadow-scorer-second-surface-labeling-worksheet-v1,ml_shadow_scorer_second_surface_generalization_v1,https://openalex.org/W4403467832,W4403467832,W4403467832,The Impact of Standing Waves on Localization Ability of Low-Frequency Sound Sources,2024,0,jaes,Speech and Audio Processing;Acoustic Wave Phenomena Research;Vehicle Noise and Vibration Control,"This paper studies the effect of room modal resonances on the localization of very low-frequency sound sources. A subjective listening test is conducted with 20 participants in an anechoic chamber, where the listener must detect the direction of the sound source for pure sinusoids at 31.5, 50, and 80 Hz. A synthetic standing wave pattern modeling a room r...",second_surface_high_score_candidate,rank-83787b91ef,emerging,0.34022,98,miss,not_useful,not_applicable,standing wave effects on low-frequency sound source localization; room acoustics/psychoacoustics with no music content or discovery value.
e98ff1f86e8d11e8a9bae5f9daf50bf17aaa6f4ae9a95082f3f3667b542f0db5,ml-shadow-scorer-second-surface-labeling-worksheet-v1,ml_shadow_scorer_second_surface_generalization_v1,https://openalex.org/W4415188452,W4415188452,W4415188452,A HYBRID CNN-LSTM DEEP LEARNING MODEL FOR INTRUSION DETECTION IN SMART GRID,2025,6,,,"The evolution of the traditional power grid into the ""smart grid"" has resulted in a fundamental shift in energy management which allows the integration of renewable energy sources with modern communication technology. However, this interconnection has increased smart grids' vulnerability to attackers, which might result in privacy breaches, operational in...",second_surface_high_score_candidate,rank-83787b91ef,emerging,0.328129,100,irrelevant,neither,not_applicable,hybrid CNN-LSTM for smart grid intrusion detection; cybersecurity/power grid application outside music/MIR/audio/recommender scope.
6f2f2834e2b43ff930e9b463622deb9d75f28212d4d58c9b5ace435b5f0016ae,ml-shadow-scorer-second-surface-labeling-worksheet-v1,ml_shadow_scorer_second_surface_generalization_v1,https://openalex.org/W4399995539,W4399995539,W4399995539,Non-Exponential Reverberation Modeling Using Dark Velvet Noise,2024,0,jaes,Speech and Audio Processing;Acoustic Wave Phenomena Research;Underwater Acoustics Research,"Previous research on late-reverberation modeling has mainly focused on exponentially decaying room impulse responses, whereas methods for accurately modeling non-exponential reverberation remain challenging. This paper extends the previously proposed basic darkvelvet- noise reverberation algorithm and proposes a parametrization scheme for modeling late re...",second_surface_high_score_candidate,rank-83787b91ef,emerging,0.324497,102,miss,not_useful,not_applicable,non-exponential reverberation modeling with dark velvet noise; room acoustics DSP algorithm with no music discovery or recommender value.
b9c325bc292a6bfa71f87715833664b795cca5f2cd156dcf4cf7c915e8bef10c,ml-shadow-scorer-second-surface-labeling-worksheet-v1,ml_shadow_scorer_second_surface_generalization_v1,https://openalex.org/W4404396176,W4404396176,W4404396176,Room Acoustic Adversarial Neural Network for Robust Sound Event Classification,2024,1,jaes,Music and Audio Processing;Speech and Audio Processing;Water Systems and Optimization,The variation in the acoustic condition of a room presents a major hurdle in the performance robustness of sound event classification. Room impulse response characterizes the way in which a sound wave is propagated from source to receiver and the overall perceptual quality and intelligibility of the recorded sound. This study presents the Room Acoustic Ad...,second_surface_score_spread,rank-83787b91ef,emerging,0.319963,105,acceptable,useful,not_applicable,adversarial room-acoustic neural network for robust sound event classification; MIR-adjacent audio analysis with Music and Audio Processing scope.
8c65161b157112b67f2af6c50d302a352366814d4926be1ccd328e52b49c51cb,ml-shadow-scorer-second-surface-labeling-worksheet-v1,ml_shadow_scorer_second_surface_generalization_v1,https://openalex.org/W4405710391,W4405710391,W4405710391,Ambisonics Room Impulse Response Estimation From a Single Omnidirectional Measurement Using Deep Neural Networks,2024,1,jaes,Structural Health Monitoring Techniques;Indoor and Outdoor Localization Technologies;Speech and Audio Processing,"Mapping a room impulse response (RIR) to its Ambisonics representation is not always feasible. However, by adding a weak assumption (i.e., the existence of at least two perpendicular walls in the environment), the Ambisonics representation is restricted to be one of a finite set, with known transformations between the set entries. This makes mapping the o...",second_surface_high_score_candidate,rank-83787b91ef,emerging,0.319818,106,miss,not_useful,not_applicable,ambisonics RIR estimation from single omnidirectional measurement using DNNs; room acoustics measurement with no music discovery or recommender value.
2ced13ecc9ce593f88d9e4f11e0e7e348002ef6b0e7c965dd48706ed616f6883,ml-shadow-scorer-second-surface-labeling-worksheet-v1,ml_shadow_scorer_second_surface_generalization_v1,https://openalex.org/W4400775788,W4400775788,W4400775788,Comparison of Non-Parametric Interpolation Techniques for Sparsely Measured Binaural Room Impulse Responses,2024,2,jaes,Speech and Audio Processing;Image and Signal Denoising Methods;Image Enhancement Techniques,"This study investigates different interpolation techniques for spatially upsampling Binaural Room Impulse Responses (BRIRs) measured on a sparse grid of view orientations. In this context, the authors recently presented the Spherical Array Interpolation by Time Alignment (SARITA) method for interpolating spherical microphone array signals with a limited n...",second_surface_high_score_candidate,rank-83787b91ef,emerging,0.304839,108,miss,not_useful,not_applicable,non-parametric interpolation comparison for sparse binaural room impulse responses; audio DSP with no music content or discovery value.
d56a0c5166c231ea41e8dd966ad4a309fe0e50fb97c254a9adb32948f797155f,ml-shadow-scorer-second-surface-labeling-worksheet-v1,ml_shadow_scorer_second_surface_generalization_v1,https://openalex.org/W4413720412,W4413720412,W4413720412,PAGURI: A User Experience Study of Creative Interaction with Text-to-Music Models,2025,4,,,"In recent years, text-to-music models have been the biggest breakthrough in automatic music generation. While they are unquestionably a showcase of technological progress, it is not clear yet how they can be realistically integrated into the artistic practice of musicians and music practitioners. This paper aims to address this question via Prompt Audio G...",second_surface_high_score_candidate,rank-83787b91ef,emerging,0.293873,110,good,surprising,not_applicable,PAGURI UX study of musician creative interaction with text-to-music models; core music AI creative-practice research.
4212cc77504cae5f25ae577a997d66bad84d8b45601bf5f343355d15482b8e6f,ml-shadow-scorer-second-surface-labeling-worksheet-v1,ml_shadow_scorer_second_surface_generalization_v1,https://openalex.org/W4404396253,W4404396253,W4404396253,Median Plane Localization of Short Noise Bursts in the Presence of Horizontally Spread White Noise Masker,2024,0,jaes,Image and Signal Denoising Methods;Structural Health Monitoring Techniques,"Recent spatial audio techniques involve separating multichannel signals into direct and background parts. However, determining parameters for localizing short sound sources in background sounds remains challenging due to the limited knowledge of spatial hearing resolution. This paper investigates the localization performance when short bursts in the media...",second_surface_high_score_candidate,rank-83787b91ef,emerging,0.285777,111,miss,not_useful,not_applicable,median plane localization of short noise bursts in background masking noise; spatial hearing psychoacoustics with no music content or discovery value.
314f63d81dfd142fa453f219620569d4e9a9a011ab2543edf67dee5a8c960a46,ml-shadow-scorer-second-surface-labeling-worksheet-v1,ml_shadow_scorer_second_surface_generalization_v1,https://openalex.org/W4402556688,W4402556688,W4402556688,Re(de)fining Sonification: Project Classification Strategies in the Data Sonification Archive,2024,2,jaes,BIM and Construction Integration;Design Education and Practice;Tactile and Sensory Interactions,"This study focuses on a corpus of 445 sonification projects currently available in the Data Sonification Archive (DSA). The DSA develops in a collaborative process that involves researchers and creative communities, and has been online since early 2021. Projects are heuristically classified according to several aspects, in particular their intended purpos...",second_surface_high_score_candidate,rank-83787b91ef,emerging,0.267532,113,miss,not_useful,not_applicable,classification strategies for data sonification archive projects; data sonification research outside music MIR or recommender scope.
a5f55a1af6f10790ae105edf9efec23c5021c5bb5e77bf6989aaf5f5cd9552c7,ml-shadow-scorer-second-surface-labeling-worksheet-v1,ml_shadow_scorer_second_surface_generalization_v1,https://openalex.org/W4403467370,W4403467370,W4403467370,Active Acoustics with a Phase Cancelling Modal Reverberator,2024,1,jaes,Acoustic Wave Phenomena Research;Antenna Design and Optimization,"Active acoustics (AA) systems are used to electronically modify the acoustics of a room (e.g., in live music venues). AA systems have an inherent feedback component and can suffer from instability and coloration artifacts resulting from too high feedback gains. State-of-the-art methods can improve system stability and coloration, usually at the cost of co...",second_surface_high_score_candidate,rank-83787b91ef,emerging,0.265433,114,acceptable,useful,not_applicable,active acoustics with phase-cancelling reverberator for live music venue resonance control; music venue acoustics technology plausibly relevant to music/audio researcher.
58702d55efff5c60ddfe95857496e071d2e44d2c4902cd3f810b35c0eed91e91,ml-shadow-scorer-second-surface-labeling-worksheet-v1,ml_shadow_scorer_second_surface_generalization_v1,https://openalex.org/W4413309572,W4413309572,W4413309572,Intelligent generation and optimization of resources in music teaching reform based on artificial intelligence and deep learning,2025,3,,,"In order to increase the effectiveness and personalization of music instruction, this paper aims to create a deep reinforcement learning (DRL)-based framework for creating music resources. Therefore, a Melody Generation Model in Music Education Based on Actor-Critic Framework (AC-MGME) is proposed. This model analyzes students' learning status in real tim...",second_surface_high_score_candidate,rank-83787b91ef,emerging,0.262139,115,acceptable,obvious,not_applicable,deep RL melody generation model in a music-education context; music AI method is substantive enough to be plausibly useful to an MIR researcher despite the ed-tech framing.
cf00c53ad91f5579fc67e8d7f85c3ff102987ff0ba5943222769b192982fb481,ml-shadow-scorer-second-surface-labeling-worksheet-v1,ml_shadow_scorer_second_surface_generalization_v1,https://openalex.org/W4413416079,W4413416079,W4413416079,Bangla Speech Emotion Recognition Using Deep Learning-Based Ensemble Learning and Feature Fusion,2025,3,,,"Emotion recognition in speech is essential for enhancing human-computer interaction (HCI) systems. Despite progress in Bangla speech emotion recognition, challenges remain, including low accuracy, speaker dependency, and poor generalization across emotional expressions. Previous approaches often rely on traditional machine learning or basic deep learning...",second_surface_score_spread,rank-83787b91ef,emerging,0.254742,117,miss,not_useful,not_applicable,Bangla speech emotion recognition using deep learning ensemble; adjacent audio/speech ML but outside music/MIR/recommender scope.
f46b8f7cbca2bd620bf7e5fd01d85c133a5903171612d02ea54ddd1eba09b08a,ml-shadow-scorer-second-surface-labeling-worksheet-v1,ml_shadow_scorer_second_surface_generalization_v1,https://openalex.org/W4400775753,W4400775753,W4400775753,Practical Implementation of Automated Next Generation Audio Production for Live Sports,2024,0,jaes,Video Analysis and Summarization;Multimedia Communication and Technology,"Producing a high-quality audio mix for a live sports production is a demanding task for mixing engineers. The management of many microphone signals and monitoring of various broadcast feeds mean engineers are often stretched, overseeing many tasks simultaneously. With the advancements in Next Generation Audio codecs providing many appealing features, such...",second_surface_high_score_candidate,rank-83787b91ef,emerging,0.238888,119,miss,not_useful,not_applicable,automated Next Generation Audio production for live sports broadcasts; broadcast audio engineering with no music discovery or recommender value.
740d28083ef2ceaa0df07c9fd4471056ae541f81308a8fe9af023ab3c0016638,ml-shadow-scorer-second-surface-labeling-worksheet-v1,ml_shadow_scorer_second_surface_generalization_v1,https://openalex.org/W4405710394,W4405710394,W4405710394,A Perceptual Study on the Plausibility of Binaural Rendering in Anechoic Environments,2024,0,jaes,Consumer Perception and Purchasing Behavior;Cultural and Historical Studies,"Plausibility has become a widely used paradigm for evaluating binaural audio for augmented reality. Although several studies have evaluated the plausibility of different binaural rendering techniques, it is not clear which parameters contribute to plausibility and to what extent. The present study attempts to fill this gap and presents the results of five...",second_surface_high_score_candidate,rank-83787b91ef,emerging,0.237697,120,miss,not_useful,not_applicable,binaural rendering plausibility study in anechoic environments for AR; spatial audio psychoacoustics with no music discovery or recommender value.
0d131148095a493fc82755b2df72b70af194168c408413d084ef505bdb04fba0,ml-shadow-scorer-second-surface-labeling-worksheet-v1,ml_shadow_scorer_second_surface_generalization_v1,https://openalex.org/W4412751375,W4412751375,W4412751375,Emotional response to music: the Emotify + dataset,2025,2,,,"Abstract We performed a survey with 181 volunteers who were tasked to listen to 400 musical extracts from four different genres (rock, pop, classical and electronic) and reported the emotions they perceived along with their intensity. The result is a public dataset called Emotify + with 10 different emotions. It can serve as a research tool in behavioural...",second_surface_high_score_candidate,rank-83787b91ef,emerging,0.232451,121,good,useful,not_applicable,Emotify+ dataset of emotional response labels for 400 musical extracts across four genres; core music emotion recognition MIR dataset resource.
163a97c2237a0f20cd9255360b8b0a4ecd75022ffc673a73a375c464e28d8f2e,ml-shadow-scorer-second-surface-labeling-worksheet-v1,ml_shadow_scorer_second_surface_generalization_v1,https://openalex.org/W4405710383,W4405710383,W4405710383,Multimodal Loudspeaker Based on a Dielectric Elastomer Roll Actuator,2024,1,jaes,Acoustic Wave Phenomena Research;Dielectric materials and actuators;Advanced Sensor and Energy Harvesting Materials,"A novel loudspeaker design integrating lightweight and efficient acoustic transducers derived from dielectric elastomer films is presented. This innovation centers on core-free dielectric elastomer roll actuators, functioning akin to artificial muscles, altering shape upon the application of an electric field. The actuators serve two roles: propelling aco...",second_surface_high_score_candidate,rank-83787b91ef,emerging,0.231871,122,miss,not_useful,not_applicable,dielectric elastomer roll actuator loudspeaker design; audio hardware engineering outside music/MIR/recommender scope.
4af66af655354988536f3956d722048af1a25078f4a44b72b10ac4ca6fea66e2,ml-shadow-scorer-second-surface-labeling-worksheet-v1,ml_shadow_scorer_second_surface_generalization_v1,https://openalex.org/W4417237475,W4417237475,W4417237475,Multimodal physiological signal emotion recognition based on multi-head cross attention with representation learning,2025,2,,,"Introduction: Physiological signals offer a significant advantage in the field of emotion recognition due to their objective nature, as they are less susceptible to volitional control and thus provide a more veridical reflection of an individual's true affective state. The use of multimodal physiological signals enables a more holistic characterization of...",second_surface_high_score_candidate,rank-83787b91ef,emerging,0.22795,125,irrelevant,neither,not_applicable,multimodal physiological signal emotion recognition using cross-attention; biosignal processing without music content outside music/MIR scope.
72d3647b559f9672591fc0c0e04916316875dcb19f611afb594470f09e45432d,ml-shadow-scorer-second-surface-labeling-worksheet-v1,ml_shadow_scorer_second_surface_generalization_v1,https://openalex.org/W4412596354,W4412596354,W4412596354,ELGAR: Expressive Cello Performance Motion Generation for Audio Rendition,2025,2,,,"The art of instrument performance stands as a vivid manifestation of human creativity and emotion. Nonetheless, generating instrument performance motions is a highly challenging task, as it requires not only capturing intricate movements but also reconstructing the complex dynamics of the performer-instrument interaction. While existing works primarily fo...",second_surface_high_score_candidate,rank-83787b91ef,emerging,0.227751,126,good,surprising,not_applicable,ELGAR expressive cello performance motion generation from audio rendition; core music AI performance generation research.
7f7fd16ac2a548fed9862c2e0909d7d982ccac0a6e59bef446dc08ceeaf2aadf,ml-shadow-scorer-second-surface-labeling-worksheet-v1,ml_shadow_scorer_second_surface_generalization_v1,https://openalex.org/W4414560220,W4414560220,W4414560220,Enabling interoperable human-AI teaming for automation in construction and manufacturing via Digital Twins and Sliding Work Sharing ontologies,2025,2,,,"This paper introduces an ontology system to support dynamic, explainable, and human-centric collaboration between humans and artificial intelligence-enabled non-human agents in cyber-physical environments. In this setting, Digital Twins (digital models of physical systems or processes that mirror their real-time state) and Human Digital Twins (digital rep...",second_surface_high_score_candidate,rank-83787b91ef,emerging,0.209746,139,irrelevant,neither,not_applicable,human-AI teaming ontology for automation in construction and manufacturing via Digital Twins; outside music/MIR/audio/recommender scope.
7a49ccf01a526328117a42d0b5785b0044fe4e237c239d9f7f19b7fcee814253,ml-shadow-scorer-second-surface-labeling-worksheet-v1,ml_shadow_scorer_second_surface_generalization_v1,https://openalex.org/W4416997456,W4416997456,W4416997456,From Gaze to Music: AI-Powered Personalized Audiovisual Experiences for Children's Aesthetic Education,2025,1,,,"The cultivation of aesthetic appreciation through engagement with exemplary artworks constitutes a fundamental pillar in fostering children's cognitive and emotional development, while simultaneously facilitating multidimensional learning experiences across diverse perceptual domains. However, children in early stages of cognitive development frequently e...",second_surface_score_spread,rank-83787b91ef,emerging,0.205578,141,miss,not_useful,not_applicable,gaze-driven personalized audiovisual art education for children; music is a secondary system output not a research contribution in MIR or recommender discovery.
5e0b6cd0671981fcc1588b1932374cb08f2064435fde1ecae81e38a6affe238d,ml-shadow-scorer-second-surface-labeling-worksheet-v1,ml_shadow_scorer_second_surface_generalization_v1,https://openalex.org/W4413878864,W4413878864,W4413878864,Deep learning model using squeezenet and promoted ideal gas molecular motion for music genre classification from audio spectrograms,2025,1,,,"It may be argued that music genre classification (MGC) is one of the most important tasks in music information retrieval; however, it still suffers from being a high-dimensional, highly variable, and noisy audio signal. Most traditional deep learning models require large computational setups and do not fare well in the instances of overfitting and local o...",second_surface_high_score_candidate,rank-83787b91ef,emerging,0.203885,143,acceptable,obvious,not_applicable,music genre classification using SqueezeNet with promoted ideal gas metaheuristic optimization; standard MIR task plausibly surfaceable to a music/MIR researcher.
f4eb84963378a1002b11828ed974e97e20dfcf9fc63705f5cb79553ec28a6423,ml-shadow-scorer-second-surface-labeling-worksheet-v1,ml_shadow_scorer_second_surface_generalization_v1,https://openalex.org/W4414152069,W4414152069,W4414152069,An Innovative Framework for Heart Sound Classification Integrating Adaptive Fuzzy Rank-Based Ensemble of Transfer Learning Models with Multi-Dimensional Features,2025,1,,,"Heart sound identification for diagnosing cardiovascular diseases is a complex challenge due to the intricate, spectro-temporal characteristics of conditions like Aortic Stenosis, Mitral Regurgitation, and multi-valvular disorders. Conventional methods frequently inadequately encompass the complete range of diagnostic characteristics, depending on fragmen...",second_surface_high_score_candidate,rank-83787b91ef,emerging,0.203411,145,irrelevant,neither,not_applicable,heart sound classification for cardiovascular disease diagnosis; medical audio outside music/MIR/recommender scope.
a85c186fc167657a09f11d8b12b19185f04489191818b2a2bfda83d2091ed63d,ml-shadow-scorer-second-surface-labeling-worksheet-v1,ml_shadow_scorer_second_surface_generalization_v1,https://openalex.org/W4414663170,W4414663170,W4414663170,From Sensors to Insights: Interpretable Audio-Based Machine Learning for Real-Time Vehicle Fault and Emergency Sound Classification,2025,1,,,"Unrecognized mechanical faults and emergency sounds in vehicles can compromise safety, particularly for individuals with hearing impairments and in sound-insulated or autonomous driving environments. As intelligent transportation systems (ITSs) evolve, there is a growing need for inclusive, non-intrusive, and real-time diagnostic solutions that enhance si...",second_surface_high_score_candidate,rank-83787b91ef,emerging,0.202327,148,miss,not_useful,not_applicable,interpretable audio ML for vehicle fault and emergency sound classification in ITSs; automotive audio adjacent but outside music/MIR/recommender scope.
28ac41195f5a9d054f1d2e09a7501c0caaa75849b5c55fc3a424a903a26cc555,ml-shadow-scorer-second-surface-labeling-worksheet-v1,ml_shadow_scorer_second_surface_generalization_v1,https://openalex.org/W4415034087,W4415034087,W4415034087,An Enhanced CNN Architecture for Music Genre Classification on the GTZAN Dataset,2025,1,,,"A principal objective within contemporary Music Information Retrieval (MIR) research is the development of automated systems for genre classification, especially due to the exponential proliferation of digital audio content on platforms such as streaming services, online radio, and algorithmically generated playlists. Manual annotation is no longer viable...",second_surface_high_score_candidate,rank-83787b91ef,emerging,0.200137,150,acceptable,obvious,not_applicable,enhanced CNN for music genre classification on GTZAN; standard MIR task with explicit streaming/discovery framing.
721a4b95b8b41d7c172bb9c1883b75e2ba4fc4120c3f5b524ca8a1a97b5a3c32,ml-shadow-scorer-second-surface-labeling-worksheet-v1,ml_shadow_scorer_second_surface_generalization_v1,https://openalex.org/W4414359613,W4414359613,W4414359613,Solving Copyright Infringement on Short Video Platforms: Novel Datasets and an Audio Restoration Deep Learning Pipeline,2025,1,,,"Short video platforms like YouTube Shorts and TikTok face significant copyright compliance challenges, as infringers frequently embed arbitrary background music (BGM) to obscure original soundtracks (OST) and evade content originality detection. To tackle this issue, we propose a novel pipeline that integrates Music Source Separation (MSS) and cross-modal...",second_surface_high_score_candidate,rank-83787b91ef,emerging,0.199237,151,good,useful,not_applicable,music source separation and cross-modal matching pipeline for copyright infringement detection with novel datasets; core MIR safety/source-separation resource.
feb3b2b09a2332d7e94f5c73e4d352701ded70345902ec4b0368e6e574bb2b46,ml-shadow-scorer-second-surface-labeling-worksheet-v1,ml_shadow_scorer_second_surface_generalization_v1,https://openalex.org/W4413265676,W4413265676,W4413265676,Enhancing MusicGen with Prompt Tuning,2025,1,,,"Generative AI has been gaining attention across various creative domains. In particular, MusicGen stands out as a representative approach capable of generating music based on text or audio inputs. However, it has limitations in producing high-quality outputs for specific genres and fully reflecting user intentions. This paper proposes a prompt tuning tech...",second_surface_high_score_candidate,rank-83787b91ef,emerging,0.199195,152,good,useful,not_applicable,prompt tuning for MusicGen to improve genre-specific quality and user intent alignment; core music generation AI improvement.
58e108c9bb119a1687f418c81420779bd89f6e4a3efd87233142b43cb2eda7d4,ml-shadow-scorer-second-surface-labeling-worksheet-v1,ml_shadow_scorer_second_surface_generalization_v1,https://openalex.org/W4413619343,W4413619343,W4413619343,ERLD-HC: Entropy-Regularized Latent Diffusion for Harmony-Constrained Symbolic Music Generation,2025,1,,,"Recently, music generation models based on deep learning have made remarkable progress in the field of symbolic music generation. However, the existing methods often have problems of violating musical rules, especially since the control of harmonic structure is relatively weak. To address these limitations, this paper proposes a novel framework, the Entro...",second_surface_high_score_candidate,rank-83787b91ef,emerging,0.198677,154,good,surprising,not_applicable,entropy-regularized latent diffusion with harmony constraints for symbolic music generation; novel music AI architecture for harmony-aware generation.
d7a52fa4dc669412aac70424842aae7936f046a5e4e4d98376fac4e615d507d0,ml-shadow-scorer-second-surface-labeling-worksheet-v1,ml_shadow_scorer_second_surface_generalization_v1,https://openalex.org/W4413342982,W4413342982,W4413342982,Unheard melodies and emotional peaks in <i>Let It Go</i> and <i>Show Yourself</i>: a multimodal sentiment analysis,2025,1,,,"Abstract This research endeavor presents a rigorous interdisciplinary investigation into the emotional and narrative functions of "" Let It Go "" ( Frozen ) and "" Show Yourself "" ( Frozen II ), addressing a gap in scholarship that primarily relies on qualitative interpretations. Employing a novel multimodal approach, the study integrates tools from Natural...",second_surface_score_spread,rank-83787b91ef,emerging,0.198234,155,acceptable,useful,not_applicable,multimodal computational sentiment analysis of Frozen film songs using NLP and audio tools; music emotion analysis in case-study framing.
261fe0c9b3d1274a9076cc18ba3a020a7a488ae2bf5afcf70a5007d23803211b,ml-shadow-scorer-second-surface-labeling-worksheet-v1,ml_shadow_scorer_second_surface_generalization_v1,https://openalex.org/W4412807808,W4412807808,W4412807808,Differentiable black-box and gray-box modeling of nonlinear audio effects,2025,1,,,"Audio effects are extensively used at every stage of audio and music content creation. The majority of differentiable audio effects modeling approaches fall into the black-box or gray-box paradigms; and most models have been proposed and applied to nonlinear effects like guitar amplifiers, overdrive, distortion, fuzz and compressor. Although a plethora of...",second_surface_high_score_candidate,rank-83787b91ef,emerging,0.198067,156,good,useful,not_applicable,"differentiable black-box and gray-box modeling of guitar amplifiers, distortion, and compressor audio effects; core music production AI method."
ca4b84008898739fd0b898004d13f97238b3784236cb76f4dbaad971d4c9102b,ml-shadow-scorer-second-surface-labeling-worksheet-v1,ml_shadow_scorer_second_surface_generalization_v1,https://openalex.org/W4403281875,W4403281875,W4403281875,Influence of rhythm features on beat/movement synchronization using a low-cost vision system,2025,1,,,"This study examines how musical expertise, tempo, and beat division influence synchronization accuracy and regularity in two movement tasks: finger tapping (discrete movements) and arm swing (continuous movements). Using a markerless motion capture system, we analyzed synchronization metrics across different rhythmic conditions. Motion data were extracted...",second_surface_high_score_candidate,rank-83787b91ef,emerging,0.197192,159,acceptable,useful,not_applicable,rhythm features and beat/movement synchronization study using low-cost markerless motion capture; MIR-adjacent beat and rhythm research.
78bc497fb401efc1648b59333815a45ff380ff8a4fb69ba75ac86f4c4e7a69a9,ml-shadow-scorer-second-surface-labeling-worksheet-v1,ml_shadow_scorer_second_surface_generalization_v1,https://openalex.org/W4413991673,W4413991673,W4413991673,Mathematical Analysis and Performance Evaluation of CBAM-DenseNet121 for Speech Emotion Recognition Using the CREMA-D Dataset,2025,1,,,"Emotion recognition from speech is essential for human-computer interaction (HCI) and affective computing, with applications in virtual assistants, healthcare, and education. Although deep learning has made significant advancements in Automatic Speech Emotion Recognition (ASER), the challenge still exists in the task given variation in speakers, subtle em...",second_surface_high_score_candidate,rank-83787b91ef,emerging,0.196713,160,miss,not_useful,not_applicable,CBAM-DenseNet121 for speech emotion recognition on CREMA-D; speech processing adjacent but outside music/MIR/recommender scope.
10a61d7f1a62d05f5635c99150aeb4d77657929b8427e244e83aa8c3573bf96d,ml-shadow-scorer-second-surface-labeling-worksheet-v1,ml_shadow_scorer_second_surface_generalization_v1,https://openalex.org/W4414243652,W4414243652,W4414243652,Xpressify: Facial Emotion Recognition and Music Recommendation System,2025,1,,,"Facial Emotion Detection and Music Recommendation System is a real-time facial emotion detection and personalized music recommendation system. It employs a trained Convolutional Neural Network (CNN) trained on the FER2013 database for seven emotion recognitions, i.e., anger, disgust, fear, happiness, sorrow, surprise, and neutrality. Everything is accompl...",second_surface_high_score_candidate,rank-83787b91ef,emerging,0.196634,161,acceptable,obvious,not_applicable,CNN-based facial emotion recognition for personalized music recommendation; emotion-driven music recommender system prototype.
7bd1c329c7f2ac72aaa128173cb9b02711f48a527691efa5fe41a03cb00478bd,ml-shadow-scorer-second-surface-labeling-worksheet-v1,ml_shadow_scorer_second_surface_generalization_v1,https://openalex.org/W4413926594,W4413926594,W4413926594,Diffusion-Inspired Masked Language Modeling for Symbolic Harmony Generation on a Fixed Time Grid,2025,1,,,"We present a novel encoder-only Transformer model for symbolic music harmony generation, based on a fixed time-grid representation of melody and harmony. Inspired by denoising diffusion processes, our model progressively unmasks harmony tokens over a sequence of discrete stages, learning to reconstruct the full harmonic structure from partial context. Unl...",second_surface_high_score_candidate,rank-83787b91ef,emerging,0.195652,162,good,surprising,not_applicable,diffusion-inspired masked language modeling for symbolic harmony generation on a fixed time grid; novel symbolic music generation architecture.
43416e11d7c58834dfc2e0d06148e39bc890f05a2bc1839421be894e4a75de4d,ml-shadow-scorer-second-surface-labeling-worksheet-v1,ml_shadow_scorer_second_surface_generalization_v1,https://openalex.org/W4411856050,W4411856050,W4411856050,The emotional geography of National anthems,2025,1,,,"National anthems serve as powerful symbols of national identity, often evoking strong emotional responses. While prior research has examined anthem lyrics, the emotional content of their musical features remains underexplored. This study employs computational modeling to predict the perceived emotional characteristics of 176 national anthems and investiga...",second_surface_high_score_candidate,rank-83787b91ef,emerging,0.19288,165,acceptable,useful,not_applicable,computational prediction of emotional characteristics across 176 national anthems; music emotion analysis at corpus scale.
a58a20c6021c37e69a63ec695a89b31350423ca1c07e8285d7aaa5e3207e6007,ml-shadow-scorer-second-surface-labeling-worksheet-v1,ml_shadow_scorer_second_surface_generalization_v1,https://openalex.org/W4415329322,W4415329322,W4415329322,MIKU-PAL: An Automated and Standardized Multimodal Method for Speech Paralinguistic and Affect Labeling,2025,1,,,"Acquiring large-scale emotional speech data with strong consistency remains a challenge for speech synthesis. This paper presents MIKU-PAL, a fully automated multimodal pipeline for extracting high-consistency emotional speech from unlabeled video data. Leveraging face detection and tracking algorithms, we developed an automatic emotion analysis system us...",second_surface_high_score_candidate,rank-83787b91ef,emerging,0.190865,166,miss,not_useful,not_applicable,automated multimodal pipeline (MIKU-PAL) for extracting emotional speech data for speech synthesis; speech paralinguistics outside music/MIR scope.
21d81691989168b487101dc5baef778ccf440693a8d5036cb7ca07a1c0d0606f,ml-shadow-scorer-second-surface-labeling-worksheet-v1,ml_shadow_scorer_second_surface_generalization_v1,https://openalex.org/W4414249831,W4414249831,W4414249831,The Research Deficit and Expert Disagreement Regarding Music Selection for Psychedelic Assisted Therapy,2025,1,,,"Prior research has determined that music plays a central role in psychedelic assisted therapy (PAT). While there is a general consensus of the importance of music during PAT, there are only three empirical studies published to date that directly investigate which type of music might best support PAT. Importantly, no review to date has critically analyzed...",second_surface_score_spread,rank-83787b91ef,emerging,0.18896,167,miss,useful,not_applicable,"research gap review on music selection for psychedelic-assisted therapy; music-related but clinical/review-oriented, not MIR/audio/recommender discovery scope."
c0c1168dc47f343f56abdb5c804ed82822ed064c41a2213535271b7afab4fd65,ml-shadow-scorer-second-surface-labeling-worksheet-v1,ml_shadow_scorer_second_surface_generalization_v1,https://openalex.org/W4413037096,W4413037096,W4413037096,"Reconstructing Cultural Identity through Orchestration: Tradition and Innovation in Wuxi Opera, Jiangsu, China",2025,1,,,"This study employs a combination of theoretical analysis and field research to explore the mechanisms of cultural identity construction reflected in contemporary Wuxi opera orchestration practices.The findings reveal that traditional instruments such as the erhu, pipa, and yangqin play an irreplaceable role in maintaining the aesthetic appeal of Jiangnan...",second_surface_high_score_candidate,rank-83787b91ef,emerging,0.186014,169,miss,obvious,not_applicable,ethnomusicological analysis of orchestration practices in Wuxi Opera; humanities musicology without MIR technical contribution.
0abb8fab468939932ed5e8c34bca855a0756c77d2e521e754da542c0738c685d,ml-shadow-scorer-second-surface-labeling-worksheet-v1,ml_shadow_scorer_second_surface_generalization_v1,https://openalex.org/W4415057726,W4415057726,W4415057726,Architectural influence on narrative content in cultural heritage projection mapping,2025,1,,,"Projection mapping has been widely adopted in the cultural heritage sector as a medium for immersive storytelling and public engagement. However, its content design is often treated as an open-ended creative process, lacking empirical understanding of how the intrinsic properties of heritage architecture may shape visual narratives. This study presents a...",second_surface_high_score_candidate,rank-83787b91ef,emerging,0.184763,170,irrelevant,neither,not_applicable,architectural influence on cultural heritage projection mapping narrative design; no music content outside music/MIR/recommender scope.
15b9668deb36afa7995cbfef2dc7820e58ebc04e60f448d4edb6fe25c83faa5a,ml-shadow-scorer-second-surface-labeling-worksheet-v1,ml_shadow_scorer_second_surface_generalization_v1,https://openalex.org/W4414475861,W4414475861,W4414475861,Fusion of Dual Wind Component for Radar Echo Nowcasting Based on a Deep Learning Model,2025,1,,,"Abstract Nowcasting serves as a pivotal tool in predicting severe weather phenomena, which is essential for disaster prevention and mitigation. However, existing nowcasting models often struggle due to insufficient background information input. In this study, we propose the Late Fusion Wind Filed UNet (LFWF UNet) model, which integrates radar data and 3D...",second_surface_high_score_candidate,rank-83787b91ef,emerging,0.182907,171,irrelevant,neither,not_applicable,dual wind component fusion for radar echo nowcasting; meteorological forecasting outside music/MIR/recommender scope.
33de989136cbd686d5f2eb65733b6f88743a6976c7b74935401390fda22840ec,ml-shadow-scorer-second-surface-labeling-worksheet-v1,ml_shadow_scorer_second_surface_generalization_v1,https://openalex.org/W4413183625,W4413183625,W4413183625,Visual Grammar and Cultural Meaning in Festive China: A Multimodal Discourse Analysis,2025,1,,,"This study examines how the English-language documentary series Festive China constructs and communicates cultural meaning through visual semiotic resources by focusing on the role of visual modality in shaping cultural narratives. Drawing on Systemic Functional Linguistics and visual grammar, the study adopts a multimodal discourse analysis approach to i...",second_surface_high_score_candidate,rank-83787b91ef,emerging,0.180713,173,irrelevant,neither,not_applicable,multimodal discourse analysis of visual grammar in a Chinese documentary series; no music content outside music/MIR/recommender scope.
912063aa4b7f92b84a645f66588d66d67747ee53ed8b0d499b446123ca1376b7,ml-shadow-scorer-second-surface-labeling-worksheet-v1,ml_shadow_scorer_second_surface_generalization_v1,https://openalex.org/W4405206852,W4405206852,W4405206852,Collaborative Playlists around the World: A Cross‑Cultural User Study,2024,1,tismir,Digital Games and Media;Innovative Teaching and Learning Methods;Knowledge Management and Sharing,"Collaborative playlists (CPs) enable users of streaming platforms to share and discover music through co‑curation. Recent studies involving predominantly North American samples have found that CPs are created for a variety of contexts, help users organize and access music, facilitate music discovery, and support social connections. Yet, despite these impo...",second_surface_high_score_candidate,rank-83787b91ef,emerging,0.178354,178,good,useful,not_applicable,cross-cultural user study of collaborative playlists for music sharing and discovery on streaming platforms; core music recommender and listening discovery research.
f7bcb5d71e8f7cee7d4c677b880f0f041b098688bf55e1e2f749873ddb3ee8e1,ml-shadow-scorer-second-surface-labeling-worksheet-v1,ml_shadow_scorer_second_surface_generalization_v1,https://openalex.org/W4412184215,W4412184215,W4412184215,Music Composing for Certain Emotion Based on Advanced Models,2025,0,,,"With the rapid evolution of artificial intelligence, emotion-conditioned music generation has become a focal point in computer music research. This study examines how advanced machine learning models, especially those developed in the last five years, enable the generation of music that aligns with specific emotional categories. The study begins by tracin...",second_surface_high_score_candidate,rank-83787b91ef,emerging,0.177625,179,acceptable,useful,not_applicable,study of emotion-conditioned music composition using recent advanced ML models; in-scope music AI research with survey/comparative framing.
0c25406f465f9abd08eb5999d7d41be7ffd11353d34eed02c5e88e74d1016ea9,ml-shadow-scorer-second-surface-labeling-worksheet-v1,ml_shadow_scorer_second_surface_generalization_v1,https://openalex.org/W4414125448,W4414125448,W4414125448,Evaluation of National Music Performance by Integrating Attention Mechanism and Music Theory Rules,2025,0,,,The evaluation of ethnic music performances is crucial for music education and cultural heritage preservation. This study proposes an intelligent evaluation model that integrates music theory principles and attention mechanisms (AMs). This model aims to enhance the objectivity and accuracy of assessments. The model uses a complex number convolutional neur...,second_surface_high_score_candidate,rank-83787b91ef,emerging,0.176667,181,acceptable,useful,not_applicable,intelligent music performance evaluation integrating attention mechanism and music theory rules; music AI adjacent to MIR performance analysis.
ae214f4f4e4bb05e30d10a14a52de9d9022d4bc1b711d65c11242f2b358f32d4,ml-shadow-scorer-second-surface-labeling-worksheet-v1,ml_shadow_scorer_second_surface_generalization_v1,https://openalex.org/W4399995764,W4399995764,W4399995764,A Curvilinear Transfer Function for Wide Dynamic Range Compression with Expansion,2024,1,jaes,Iterative Learning Control Systems;Computational Fluid Dynamics and Aerodynamics,"Wide Dynamic Range Compression in hearing aids is becoming increasingly more complex as the number of channels and adjustable parameters grow. At the same time, there is growing demand for customization and user self-adjustment of hearing aids, necessitating a balance between complexity and user accessibility. Compression in hearing aids is governed by th...",second_surface_score_spread,rank-83787b91ef,emerging,0.176435,182,miss,not_useful,not_applicable,curvilinear transfer function for wide dynamic range compression/expansion in hearing aids; hearing aid engineering outside music/MIR scope.
11bca4175e3c4b3bd566c3315d36eb158ee70ebe580d1447ca02626254251833,ml-shadow-scorer-second-surface-labeling-worksheet-v1,ml_shadow_scorer_second_surface_generalization_v1,https://openalex.org/W4414112292,W4414112292,W4414112292,Science of music-based citizen science: How seeing influences hearing,2025,0,,,"Citizen science engages volunteers to contribute data to scientific projects, often through visual annotation tasks. Hearing based activities are rare and less well understood. Having high quality annotations of performed music structures is essential for reliable algorithmic analysis of recorded music with applications ranging from music information retr...",second_surface_high_score_candidate,rank-83787b91ef,emerging,0.176105,184,good,useful,not_applicable,"music-structure citizen science with explicit MIR and algorithmic music analysis application; core MIR annotation infrastructure, not just adjacent methodology."
95fbea85929926ad65191d40db086517c12bf6eaaf70de22a312bd10495c05bd,ml-shadow-scorer-second-surface-labeling-worksheet-v1,ml_shadow_scorer_second_surface_generalization_v1,https://openalex.org/W4414392865,W4414392865,W4414392865,"Deep Neural Network and SVM-Based Multiclass Musical Instruments Classification Using MFCC, STFT, and Related Acoustic Features",2025,0,,,"Artificial Intelligence (AI) has revolutionized the field of music analysis by enabling advanced sound recognition and classification techniques. In the recent year, the music industry has had transformative evolution in recent years, significantly impacting user engagement, creativity, and technological innovation across various domains, including entert...",second_surface_high_score_candidate,rank-83787b91ef,emerging,0.175576,187,acceptable,obvious,not_applicable,multiclass musical instrument classification using DNN+SVM with MFCC and STFT features; standard MIR instrument classification task.
400a11c6030b87cb1e5a8e50baa136594d2f96b38c9c52dac635ea9ebf0d3d71,ml-shadow-scorer-second-surface-labeling-worksheet-v1,ml_shadow_scorer_second_surface_generalization_v1,https://openalex.org/W4414099509,W4414099509,W4414099509,Facial Emotion Recognition-Based Music System Using Convolutional Neural Networks,2025,0,,,"Another type of conversational AI is the Facial Emotion Recognition (FER) that has recently been catapulte to mainstream use owing to its versatility since it is applicable in improving user experience of nearly all applications and services. In this respect, FER can help explain how to turn known people's feelings into a higher level of appreciation to h...",second_surface_score_boundary,rank-83787b91ef,emerging,0.175055,191,acceptable,obvious,not_applicable,CNN-based facial emotion recognition system for personalized music recommendation; emotion-driven music recommender prototype.
775db1d7b0bcdea18ad2ae05cb8741e4c78f536256d921f5b0d73430a97f60bc,ml-shadow-scorer-second-surface-labeling-worksheet-v1,ml_shadow_scorer_second_surface_generalization_v1,https://openalex.org/W7116671325,W7116671325,W7116671325,Application of artificial intelligence CNN model in emotional recognition of instrumental music,2025,0,,,"To enhance the accuracy and expressiveness of emotional recognition in instrumental music, this study proposes a multi-layer music emotion recognition model. The model integrates Convolutional Neural Network (CNN), Bidirectional Gated Recurrent Unit (BiGRU), and Attention Mechanism, aiming to accurately capture complex emotional information in audio. Firs...",second_surface_score_boundary,rank-83787b91ef,emerging,0.174928,193,acceptable,useful,not_applicable,CNN+BiGRU+attention model for emotional recognition in instrumental music; in-scope music emotion recognition (MER) task.
d45051da07fda0dc1d4a2375791b6b16da6e41f243ef36222b847e09283c2476,ml-shadow-scorer-second-surface-labeling-worksheet-v1,ml_shadow_scorer_second_surface_generalization_v1,https://openalex.org/W4414055947,W4414055947,W4414055947,AI-Based Music Mood Composer Using Deep Learning Techniques,2025,0,,,"AI Music Creation mood-based composition using artificial intelligence has becomea novel interdisciplinary field combining signal processing, affective computing, and deep learning. This paper proposes a music-generatingAI based on a user's emotional context by leveraging a combination of recurrent neural networks (RNNs), transformer architectures, and au...",second_surface_score_boundary,rank-83787b91ef,emerging,0.174738,194,acceptable,obvious,not_applicable,mood-conditioned music composition AI using RNN+transformer and audio processing; in-scope music generation prototype.
85f087da3c41b0b275e1b5f730c197ffcc516a145d790fe8b71bd8d862dfad97,ml-shadow-scorer-second-surface-labeling-worksheet-v1,ml_shadow_scorer_second_surface_generalization_v1,https://openalex.org/W4412951088,W4412951088,W4412951088,Implementation of Music Emotion Classification using Deep Learning,2025,0,,,"Music plays a crucial role in shaping emotions and experiences, making its classification an important area of research with applications in therapy, recommendation systems, and affective computing. This study develops a deep learning-based system to classify music into three emotional categories: ""Angry,"" ""Happy,"" and ""Sad."" The dataset, consisting of 22...",second_surface_score_boundary,rank-83787b91ef,emerging,0.174614,196,acceptable,obvious,not_applicable,deep learning music emotion classification into angry/happy/sad with recommendation-system framing; standard MER prototype tier.
ce54e79b07b53066a5281154eaf4929d20ad3dc6bd0f1040ed28131fc8f93834,ml-shadow-scorer-second-surface-labeling-worksheet-v1,ml_shadow_scorer_second_surface_generalization_v1,https://openalex.org/W4413574551,W4413574551,W4413574551,ConvM2D2: Improving Generative Music Evaluation using Self-Supervised Alternative to CLAP,2025,0,,,"Evaluating the perceptual quality of AI-generative music remains a challenge in music information retrieval and computational creativity applications. Approaches such as those adopted in the MusicEval and AudioMOS challenges primarily rely on CLAP, a contrastive audio-text model to extract embeddings for Mean Opinion Score (MOS) prediction. While CLAP exc...",second_surface_score_boundary,rank-83787b91ef,emerging,0.174559,197,good,useful,not_applicable,ConvM2D2 self-supervised alternative to CLAP for generative music evaluation; core MIR evaluation methodology for AI-generated music.
5c255e1ed74ab911e87ef0befacde0ea0865aa7e5320ad38226615d0a44fef8e,ml-shadow-scorer-second-surface-labeling-worksheet-v1,ml_shadow_scorer_second_surface_generalization_v1,https://openalex.org/W4415961785,W4415961785,W4415961785,A two-stage architecture for soundscape classification and preservation,2025,0,,,Sound classification is a fundamental task in audio signal processing with applications ranging from environmental monitoring to urban planning. We present a novel two-stage system for open set audio classification that integrates deep learning techniques with Schafer's soundscape theory. The two-stage architecture consists of: (1) a variational autoencod...,second_surface_score_boundary,rank-83787b91ef,emerging,0.173938,201,miss,not_useful,not_applicable,two-stage environmental soundscape classification for urban planning; environmental audio outside music/MIR/recommender scope.
5e796eefaebc4ed12bfbe472f5ac75be10aa5b0580208e21da3d0c8def223d45,ml-shadow-scorer-second-surface-labeling-worksheet-v1,ml_shadow_scorer_second_surface_generalization_v1,https://openalex.org/W4412841079,W4412841079,W4412841079,EchoScript: Enhancing AI Music Generation for Cinematic Scoring via Script-Aware Fine-Tuning,2025,0,,,"Recent advancements in artificial intelligence (AI) have significantly transformed the landscape of music generation, enabling context-sensitive and emotionally expressive soundtracks for diverse media applications such as film, gaming, and therapeutic environments. However, existing AI models continue to face persistent challenges in maintaining melodic...",second_surface_score_boundary,rank-83787b91ef,emerging,0.173791,204,good,useful,not_applicable,EchoScript script-aware fine-tuning for AI cinematic music scoring; core music generation for media applications.
be8e4501d16ca6e3cde267a36a724962524201e5759ed7b20f5180cacae26546,ml-shadow-scorer-second-surface-labeling-worksheet-v1,ml_shadow_scorer_second_surface_generalization_v1,https://openalex.org/W4412857229,W4412857229,W4412857229,Neural Audio Sculpting Towards Autonomous Multitrack Sonic Transformations,2025,0,,,"This paper explores the nascent application of deep neural networks to the intricate process of multitrack audio manipulation, aiming to redefine traditional mixing paradigms. We survey existing intelligent audio production systems and highlight the emerging integration of deep learning techniques, particularly in content-based audio transformations. A ke...",second_surface_score_boundary,rank-83787b91ef,emerging,0.173491,207,good,useful,not_applicable,neural audio sculpting for autonomous multitrack sonic transformations and intelligent mixing; core music production AI research.
984423d5c7cef11c2a1ba80b556314b6d78d3403c6fd5734f6c185498b2bd351,ml-shadow-scorer-second-surface-labeling-worksheet-v1,ml_shadow_scorer_second_surface_generalization_v1,https://openalex.org/W4412902411,W4412902411,W4412902411,Personalized Music Recommendation Using Real-Time Emotion Recognition,2025,0,,,"The increasing demand for music recommendation systems that correlate with users' emotions has been augmented by the popularity of customized digital experiences. In this work, a more specific machine learning application will be performed, Imotion driven music recommendation system through recognition of emotions. Integrating facial emotions, voice tone,...",second_surface_score_boundary,rank-83787b91ef,emerging,0.172958,212,acceptable,obvious,not_applicable,real-time emotion-driven personalized music recommendation via facial and voice cues; emotion-based music recommender prototype.
4593bb8862dcc78938bc33227488d8f1a658a7a8196f9b3727fb25439032d5bb,ml-shadow-scorer-second-surface-labeling-worksheet-v1,ml_shadow_scorer_second_surface_generalization_v1,https://openalex.org/W4414984667,W4414984667,W4414984667,Feature separation of music across diverse dataset: a comparative perspective,2025,0,,,"In music, feature separation is the process of separating distinguishable auditory characteristics, such as pitch, timbre, rhythm, and harmonic content, from a complicated, mixed signal. Virtual reality (VR), gaming, music transcription, karaoke systems, audio restoration, music information retrieval (MIR), music education, and audio forensics, are just a...",second_surface_score_boundary,rank-83787b91ef,emerging,0.172595,214,acceptable,useful,not_applicable,comparative study of music feature separation across diverse datasets; explicitly frames MIR and transcription applications.
c70c2941df1c62349df90723fd7b9d537e8ca96dcd2975327134030dbcb31c88,ml-shadow-scorer-second-surface-labeling-worksheet-v1,ml_shadow_scorer_second_surface_generalization_v1,https://openalex.org/W4414554917,W4414554917,W4414554917,Multi-modal music techniques for synthesizing high-quality audio waveforms from MIDI data,2025,0,,,A highly effective music synthesizer should deliver high-fidelity audio for a mix of instruments and voices. Current synthesizers often need to choose between specialized models that provide detailed control over specific instruments and flexible waveform models that accommodate a variety of music at the expense of precision. To transcend the existing lim...,second_surface_score_boundary,rank-83787b91ef,emerging,0.172534,215,good,useful,not_applicable,multimodal synthesis of high-quality audio waveforms from MIDI; core music audio synthesis research.
30711277d03c747b941236ac23c519fd15c81e36041a0ed8fcf745464fcf78e8,ml-shadow-scorer-second-surface-labeling-worksheet-v1,ml_shadow_scorer_second_surface_generalization_v1,https://openalex.org/W4414034796,W4414034796,W4414034796,"""Beyond the past"": Leveraging Audio and Human Memory for Sequential Music Recommendation",2025,0,,,"On music streaming services, listening sessions are often composed of a balance of familiar and new tracks.Recently, sequential recommender systems have adopted cognitive-informed approaches, such as Adaptive Control of Thought-Rational (ACT-R), to successfully improve the prediction of the most relevant tracks for the next user session.However, one limit...",second_surface_score_boundary,rank-83787b91ef,emerging,0.172153,223,good,useful,not_applicable,sequential music recommendation leveraging audio and human memory on streaming platforms; core music recsys with cognitive-informed modeling.
d4168e9d38f202e61fdf93a464efe2dbaed345c6c8534c67568f38eddf6ce516,ml-shadow-scorer-second-surface-labeling-worksheet-v1,ml_shadow_scorer_second_surface_generalization_v1,https://openalex.org/W7128296940,W7128296940,W7128296940,Transfer learning-based adaptive music teaching system for modulating students' emotions,2026,0,,,"With the widespread application of artificial intelligence technology in the field of education, how to achieve emotion recognition and personalised regulation within the teaching process has become a significant research focus for intelligent teaching systems.This research provides an adaptive music teaching system solution based on transfer learning to...",second_surface_score_boundary,rank-83787b91ef,emerging,0.171824,227,acceptable,obvious,not_applicable,transfer-learning adaptive music teaching system for student emotion modulation; music-education application with substantive music AI method.
803232e61d68720d5848267a0677510c33ff6d051f97ee84640d6352a9c3ad32,ml-shadow-scorer-second-surface-labeling-worksheet-v1,ml_shadow_scorer_second_surface_generalization_v1,https://openalex.org/W7117143306,W7117143306,W7117143306,AFCLNet: An Attention and Feature-Consistency-Loss-Based Multi-Task Learning Network for Affective Matching Prediction in Music-Video Clips,2025,0,,,"Emotion matching prediction between music and video segments is essential for intelligent mobile sensing systems, where multimodal affective cues collected from smart devices must be jointly analyzed for context-aware media understanding. However, traditional approaches relying on single-modality feature extraction struggle to capture complex cross-modal...",second_surface_score_boundary,rank-83787b91ef,emerging,0.1717,229,acceptable,useful,not_applicable,AFCLNet multimodal affective matching prediction between music and video clips; MIR-adjacent cross-modal emotion alignment research.
f543a85c2fc2ebd4281db5bdc63e97f6d788eddb9e8ffca5846898d075dfa8f2,ml-shadow-scorer-second-surface-labeling-worksheet-v1,ml_shadow_scorer_second_surface_generalization_v1,https://openalex.org/W4412377260,W4412377260,W4412377260,MIDI-Zero: A MIDI-driven Self-Supervised Learning Approach for Music Retrieval,2025,0,,,"Content-based Music Retrieval (CBMR) is a fundamental task in music information retrieval, encompassing sub-tasks including Audio Identification, Audio Matching, and Version Identification. Traditional methods typically analyze audio signals or spectrograms to extract features related to rhythm, melody, harmony, and timbre. However, with the rapid develop...",second_surface_score_boundary,rank-83787b91ef,emerging,0.171688,230,good,useful,not_applicable,MIDI-Zero MIDI-driven self-supervised learning for content-based music retrieval including identification and version ID; core MIR retrieval research.
6132f5cac13167c64a5199a41c0f11faa123493eb0f9335ef3fcfe77c21000df,ml-shadow-scorer-second-surface-labeling-worksheet-v1,ml_shadow_scorer_second_surface_generalization_v1,https://openalex.org/W4412837610,W4412837610,W4412837610,From Dataset to Melody: Enhancing Music Composition with Computational Models,2025,0,,,"This study explores the generation of melodic lines in the ethno-fusion genre using computational models, leveraging a unique MIDI-based dataset. The dataset, designed with two primary dimensions-solos and chords-aims to ensure precise, genre-specific outputs. The core techniques employed are Markov chains and generative grammar, chosen for their suitabil...",second_surface_score_boundary,rank-83787b91ef,emerging,0.171679,231,acceptable,useful,not_applicable,ethno-fusion melody generation from MIDI dataset using Markov chains and generative grammar; in-scope symbolic music composition research.
89b6978e610c20ad730411e94861a0a22c3dbf347b9e421213e4779bc36446eb,ml-shadow-scorer-second-surface-labeling-worksheet-v1,ml_shadow_scorer_second_surface_generalization_v1,https://openalex.org/W4414033210,W4414033210,W4414033210,A Hybrid Content and Collaborative Filtering Approach for Music Recommendation Using Machine Learning,2025,0,,,Music recommendation systems give a very significant and meaningful contribution to global music use.Since the personalized and customized suggestions provided by these systems keep individuals engaged.This piece of work proposes a hybrid machine learning-based music recommendation system where contentbased filtering (CBF) and collaborative filtering (CF)...,second_surface_score_boundary,rank-83787b91ef,emerging,0.171468,235,acceptable,obvious,not_applicable,hybrid content and collaborative filtering music recommendation system; standard music recsys prototype tier.
b39fa6cc540b0f725b91d6d37a739b061af90a75b3c24de9c81a02b78d1c0c74,ml-shadow-scorer-second-surface-labeling-worksheet-v1,ml_shadow_scorer_second_surface_generalization_v1,https://openalex.org/W4414249778,W4414249778,W4414249778,Wearable Haptic Music Player with Multi-Feature Extraction Using Spectral Flux and Yin Algorithms,2025,0,,,"Vibrotactile feedback synchronized with audio through haptic music players (HMPs) creates a synergistic effect that has been shown to improve the music listening experience. However, current HMPs are still unable to efficiently retrieve multiple music features, decelerating app scalability and jeopardizing long-term user engagement. This study introduces...",second_surface_score_boundary,rank-83787b91ef,emerging,0.171382,237,miss,not_useful,not_applicable,wearable haptic music player with spectral-flux/YIN feature extraction; music-listening hardware product engineering outside MIR discovery scope.
43bd91b762acfff117f39f82ea789d4dc5b287fe2349a8ed1ea7f9e179b89781,ml-shadow-scorer-second-surface-labeling-worksheet-v1,ml_shadow_scorer_second_surface_generalization_v1,https://openalex.org/W4412741435,W4412741435,W4412741435,AI-Powered Image-to-Music Recommendation System,2025,0,,,"Artificial intelligence (AI) has transformed music recommendation systems. Most existing approaches rely on textual inputs, user behavior, or facial emotion recognition, limiting their ability to incorporate visual context. This paper explores a novel approach by developing an AI-powered system that analyzes images and suggests songs based on their mood,...",second_surface_score_boundary,rank-83787b91ef,emerging,0.171364,238,acceptable,useful,not_applicable,image-to-music recommendation from visual mood analysis; cross-modal music discovery application prototype.
88f60e843848e797a0f815b17b5a7cb2862cfaa62aeafed3f711f3fef76d7833,ml-shadow-scorer-second-surface-labeling-worksheet-v1,ml_shadow_scorer_second_surface_generalization_v1,https://openalex.org/W4416695332,W4416695332,W4416695332,From Discord to Harmony: Decomposed Consonance-based Training for Improved Audio Chord Estimation,2025,0,,,"Audio Chord Estimation (ACE) holds a pivotal role in music information research, having garnered attention for over two decades due to its relevance for music transcription and analysis. Despite notable advancements, challenges persist in the task, particularly concerning unique characteristics of harmonic content, which have resulted in existing systems'...",second_surface_score_boundary,rank-83787b91ef,emerging,0.17112,239,good,useful,not_applicable,consonance-based decomposed training for improved audio chord estimation; core MIR harmonic analysis task.
8afe35737a009cf3cb60080242f5a3c1bfecd107a859d04b1f0a9cd513e928fe,ml-shadow-scorer-second-surface-labeling-worksheet-v1,ml_shadow_scorer_second_surface_generalization_v1,https://openalex.org/W4414590574,W4414590574,W4414590574,IS${}^3$ : Generic Impulsive--Stationary Sound Separation in Acoustic Scenes using Deep Filtering,2025,0,,,"We are interested in audio systems capable of performing a differentiated processing of stationary backgrounds and isolated acoustic events within an acoustic scene, whether for applying specific processing methods to each part or for focusing solely on one while ignoring the other. Such systems have applications in real-world scenarios, including robust...",second_surface_score_boundary,rank-83787b91ef,emerging,0.170774,244,miss,not_useful,not_applicable,impulsive-stationary sound separation in generic acoustic scenes; environmental/audio DSP without music discovery or recommender value.
2d7d2ebc01a1b27899424e7d00cef4c7842b03c6b08a31fc8019a7fd407237a7,ml-shadow-scorer-second-surface-labeling-worksheet-v1,ml_shadow_scorer_second_surface_generalization_v1,https://openalex.org/W4413799539,W4413799539,W4413799539,Emotion Stream: A CNN-Based Speech Emotion Recognition System for Real-Time Music Recommendation,2025,0,,,"Emotions expressed in speech play a vital role in how people communicate and interact. Teaching machines to recognize these emotions can make digital systems more adaptive and engaging. This study introduces Emotion Stream, a web-based application that identifies the emotional state of a speaker and suggests suitable music or podcasts in real time. The sy...",second_surface_score_boundary,rank-83787b91ef,emerging,0.170688,246,acceptable,obvious,not_applicable,CNN speech emotion recognition with explicit real-time music/podcast recommendation output; emotion-driven music recommender prototype.
27e167db78ab073c3baa39ff7aceef2019b0bbb445204a442412968814ffd502,ml-shadow-scorer-second-surface-labeling-worksheet-v1,ml_shadow_scorer_second_surface_generalization_v1,https://openalex.org/W4417077609,W4417077609,W4417077609,Music4All A+A,2025,0,,,"Music is characterized by aspects related to different modalities, such as the audio signal, the lyrics, or the music video clips. This has motivated the development of multimodal datasets and methods for Music Information Retrieval (MIR) tasks such as genre classification or autotagging. Music can be described at different levels of granularity, for inst...",second_surface_score_boundary,rank-83787b91ef,emerging,0.170394,252,good,useful,not_applicable,Music4All A+A multimodal dataset and methods for MIR tasks including genre classification and autotagging; core MIR multimodal resource.
5327cccc94674f85bee142c851b376b03e97299cec629010fb630e7dd4095db7,ml-shadow-scorer-second-surface-labeling-worksheet-v1,ml_shadow_scorer_second_surface_generalization_v1,https://openalex.org/W7105829265,W7105829265,W7105829265,A Review - Music Genre Classification,2025,0,,,"Abstract: This review documents a reproducible pipeline for automatic Indian music genre recognition that converts short (≈30 s) audio clips into spectral features and evaluates multiple classical classifiers. The implemented workflow covers dataset organization, FFT‑based feature extraction (the first 2000 frequency bins saved as reusable .npy files), mo...",second_surface_score_boundary,rank-83787b91ef,emerging,0.170232,253,miss,obvious,not_applicable,review paper documenting reproducible Indian music genre classification pipeline; survey/review not primary MIR discovery research.
b75ca9c5364f46ef068f7de3951d647a042f386c164f88b25a85d9d4107f4d18,ml-shadow-scorer-second-surface-labeling-worksheet-v1,ml_shadow_scorer_second_surface_generalization_v1,https://openalex.org/W7160527444,W7160527444,W7160527444,Computer music sound signal synthesis and separation based on time-frequency cross domain feature selection,2026,0,,,"Amid digital music's growth, challenges like multi-track interference and noise robustness persist.Traditional single-domain analysis struggles with harmonic and transient details.We propose a computer music sound signal separation model (CMSSM-TFCFS), which includes an encoder with time-frequency cross-domain feature selection, a residual temporal convol...",second_surface_score_boundary,rank-83787b91ef,emerging,0.170138,254,good,useful,not_applicable,computer music sound signal synthesis and separation with time-frequency cross-domain feature selection; core music source separation research.
82aab160a766680d5640aefe3f4a3b15a6145d412c0b41a4243d11d53dcb5c9e,ml-shadow-scorer-second-surface-labeling-worksheet-v1,ml_shadow_scorer_second_surface_generalization_v1,https://openalex.org/W4412201919,W4412201919,W4412201919,Music Similarity Detection Through Comparative Imagery Data,2025,0,,,"In music, plagiarism has been an important but troubled issue, which becomes ever more critical with the widespread usage of generative AI tools. Meanwhile, the development of techniques for music similarity detection has been hampered by the scarcity of legally verified data on plagiarism. In this paper, we present a technical solution for training music...",second_surface_score_boundary,rank-83787b91ef,emerging,0.16998,257,good,useful,not_applicable,music similarity detection training with legally verified comparative imagery data for plagiarism detection; core MIR similarity resource.
7472cac80d6b4c2d803fd655adabe45a730b6292903f18047576a7d7d9ed653c,ml-shadow-scorer-second-surface-labeling-worksheet-v1,ml_shadow_scorer_second_surface_generalization_v1,https://openalex.org/W4415014202,W4415014202,W4415014202,MMAU-Pro: A Challenging and Comprehensive Benchmark for Holistic Evaluation of Audio General Intelligence,2025,0,,,"Audio comprehension-including speech, non-speech sounds, and music-is essential for achieving human-level intelligence. Consequently, AI agents must demonstrate holistic audio understanding to qualify as generally intelligent. However, evaluating auditory intelligence comprehensively remains challenging. To address this gap, we introduce MMAU-Pro, the mos...",second_surface_score_boundary,rank-83787b91ef,emerging,0.169972,258,good,surprising,not_applicable,MMAU-Pro comprehensive benchmark for holistic audio intelligence including music; core MIR/audio evaluation benchmark resource.
4a6140a1ba60e588dec7d4a56687af5a393c35779b44f39f6255eb1226dfb7c4,ml-shadow-scorer-second-surface-labeling-worksheet-v1,ml_shadow_scorer_second_surface_generalization_v1,https://openalex.org/W4415252600,W4415252600,W4415252600,Feature Selection via Graph Topology Inference for Soundscape Emotion Recognition,2025,0,,,"Research on soundscapes has shifted the focus of environmental acoustics from noise levels to the perception of sounds, incorporating contextual factors. Soundscape emotion recognition (SER) models perception using a set of features, with arousal and valence commonly regarded as sufficient descriptors of affect. In this work, we blend \emph{graph learning...",second_surface_score_boundary,rank-83787b91ef,emerging,0.169612,263,miss,not_useful,not_applicable,soundscape emotion recognition via graph topology for environmental acoustics; urban/environmental perception outside music/MIR scope.
05f3bcf15672dc7e62094e975a7abb5591c4391f0fe32fdfe53c7198a5e2e24e,ml-shadow-scorer-second-surface-labeling-worksheet-v1,ml_shadow_scorer_second_surface_generalization_v1,https://openalex.org/W4414074543,W4414074543,W4414074543,Implementation of Bidirectional Encoder Representations from Transformers in a Content-based Music Recommendation System for Digital Music Platform Users,2025,0,,,"Digital music platform users today have unlimited access to millions of songs from various genres and artists through music streaming services. However, with so many music platforms available, users often need help finding songs that suit their preferences. This study presents a music recommendation system that utilizes lyrical analysis to provide users w...",second_surface_score_boundary,rank-83787b91ef,emerging,0.169526,264,acceptable,obvious,not_applicable,BERT-based content music recommendation using lyrical analysis for streaming users; standard music recsys prototype tier.
86dad894af9e4d9bf9116f0687afacbbd444fc583ba4fafd9aa6ec7fc39b20c8,ml-shadow-scorer-second-surface-labeling-worksheet-v1,ml_shadow_scorer_second_surface_generalization_v1,https://openalex.org/W4414248700,W4414248700,W4414248700,EMelodyGen: Emotion-Conditioned Melody Generation in ABC Notation with Musical Feature Templates,2025,0,,,"The EMelodyGen system mainly focuses on melody generation in ABC notation controlled by emotional conditions. To overcome the scarcity of emotional labeled sheet music, we utilize statistical correlations derived from small-scale symbolic music datasets with emotion labels and music psychology conclusions to guide subsequent feature extraction, emotional...",second_surface_score_boundary,rank-83787b91ef,emerging,0.169315,267,good,useful,not_applicable,EMelodyGen emotion-conditioned symbolic melody generation in ABC notation with musical feature templates; core symbolic music generation research.
db7d38e662a16042f5842d3c2affc880edff5c96557dc7f815d3f58f6f138726,ml-shadow-scorer-second-surface-labeling-worksheet-v1,ml_shadow_scorer_second_surface_generalization_v1,https://openalex.org/W4412148173,W4412148173,W4412148173,ERLD-HC：Entropy-Regularized Latent Diffusion for Harmony-Constrained Symbolic Music Generation,2025,0,,,"Recently, music generation models based on deep learning have made remarkable progress in the field of symbolic music generation. However, the existing methods often have problems of violating musical rules, especially the control of harmonic structure is relatively weak. To address these limitations, this paper proposes a novel framework, the Entropy-Reg...",second_surface_score_boundary,rank-83787b91ef,emerging,0.168796,276,good,surprising,not_applicable,entropy-regularized latent diffusion for harmony-constrained symbolic music generation; core novel symbolic music AI architecture.
a97436baf32cca36b1117fc98e36972ff521e50ea1d171cf92ff4193a1a91e2c,ml-shadow-scorer-second-surface-labeling-worksheet-v1,ml_shadow_scorer_second_surface_generalization_v1,https://openalex.org/W4413133017,W4413133017,W4413133017,"Music, humans, and machines: initial reflections for the development of research with collaboration between composers and artificial intelligence in the creative process of Brazilian music",2025,0,,,"In the 1950s, Americans Hiller and Isaacson pioneered computer-generated music: ""Iliac Suit"". Despite advancements in artificial intelligence (AI) systems, current music generation through machines still employs the paradigm established by Hiller and Isaacson (STEELS, 2021). Concurrently, emergent research on human-machine co-creation is reshaping the cre...",second_surface_score_boundary,rank-83787b91ef,emerging,0.168738,277,miss,obvious,not_applicable,initial reflections on composer-AI collaboration in Brazilian music creation; humanities/creative-process discourse without technical MIR contribution.
4c77bbd7757f8cb5de1cdd0683d38eb44e8c4ed769d54801e084e44d1fb622b1,ml-shadow-scorer-second-surface-labeling-worksheet-v1,ml_shadow_scorer_second_surface_generalization_v1,https://openalex.org/W4415310009,W4415310009,W4415310009,Multi-Class-Token Transformer for Multitask Self-supervised Music Information Retrieval,2025,0,,,"Contrastive learning and equivariant learning are effective methods for self-supervised learning (SSL) for audio content analysis. Yet, their application to music information retrieval (MIR) faces a dilemma: the former is more effective on tagging (e.g., instrument recognition) but less effective on structured prediction (e.g., tonality estimation); The l...",second_surface_score_boundary,rank-83787b91ef,emerging,0.168571,282,good,useful,not_applicable,multi-class-token Transformer for multitask self-supervised MIR spanning tagging and structured prediction; core MIR SSL methodology.
dec207d8096e57543544f26e430b3bf60be3034b09d04ae58042b00f89e0a8c5,ml-shadow-scorer-second-surface-labeling-worksheet-v1,ml_shadow_scorer_second_surface_generalization_v1,https://openalex.org/W4402556671,W4402556671,W4402556671,Identifying Principal Attributes for Evaluating Audio Quality of Reproduction Systems With Spatially Dynamic Program Material,2024,0,jaes,BIM and Construction Integration,"Despite the significant advances in spatial audio technologies, there is a lack of knowledge regarding the impact of spatially dynamic program material on known descriptive attributes of basic audio quality (BAQ). This paper presents an exploratory study that investigates the perception of sound quality in reproduced sound using spatially dynamic program...",second_surface_score_boundary,rank-83787b91ef,emerging,0.168474,288,miss,not_useful,not_applicable,spatial audio quality evaluation for reproduction systems with dynamic program material; JAES psychoacoustics without music discovery value.
d334d7dbde64d0419b7f6ed49755f922811d803d0720f9996a5e7b8ce6e7ca40,ml-shadow-scorer-second-surface-labeling-worksheet-v1,ml_shadow_scorer_second_surface_generalization_v1,https://openalex.org/W4414603588,W4414603588,W4414603588,Association Rule Mining for Analyzing User Listening Patterns and Performance,2025,0,,,"Understanding user listening patterns is vital for improving music recommendation systems and delivering personalized experiences on streaming platforms. Despite the availability of vast user-generated content, extracting meaningful insights from such data remains a challenge. In this study, we address this gap by applying Association Rule Mining (ARM) te...",second_surface_score_boundary,rank-83787b91ef,emerging,0.168405,289,acceptable,useful,not_applicable,association rule mining on user listening patterns for streaming music recommendation improvement; music recsys analytics.
2788f76dd3138c8794fe380edd4da4e917a5cee05efb0d8a9bb7156a87782163,ml-shadow-scorer-second-surface-labeling-worksheet-v1,ml_shadow_scorer_second_surface_generalization_v1,https://openalex.org/W4415947127,W4415947127,W4415947127,Guitar Tone Morphing by Diffusion-based Model,2025,0,,,"In Music Information Retrieval (MIR), modeling and transforming the tone of musical instruments, particularly electric guitars, has gained increasing attention due to the richness of the instrument tone and the flexibility of expression. Tone morphing enables smooth transitions between different guitar sounds, giving musicians greater freedom to explore n...",second_surface_score_boundary,rank-83787b91ef,emerging,0.168402,290,good,useful,not_applicable,diffusion-based electric guitar tone morphing; explicitly framed as MIR instrument tone modeling.
230dbafc89a0102cef02ac641ffa6be8868bcc7f23ef9669d44a1c46da3337e0,ml-shadow-scorer-second-surface-labeling-worksheet-v1,ml_shadow_scorer_second_surface_generalization_v1,https://openalex.org/W4413802727,W4413802727,W4413802727,Online music personalized recommendation algorithm based on KKBox large-scale real-world dataset and integrated behavior sequence transformer,2025,0,,,"To address the user selection overload and decision making difficulties caused by the explosive growth of online music platforms, this paper proposes and validates a deep learning recommendation model that incorporates the Behavior Sequence Transformer, aiming to significantly improve music recommendation accuracy, diversity, and novelty. We use the BST B...",second_surface_score_boundary,rank-83787b91ef,emerging,0.168311,293,good,useful,not_applicable,KKBox-scale behavior-sequence-transformer online music recommendation; core music recsys research.
57ebc7a6ca0527f5aa1a5061c625323c5c7ff320ae04b4fc8ef0181fd3520f6b,ml-shadow-scorer-second-surface-labeling-worksheet-v1,ml_shadow_scorer_second_surface_generalization_v1,https://openalex.org/W4413074704,W4413074704,W4413074704,Real-time playing technique recognition embedded in a smart acoustic guitar,2025,0,,,Abstract The integration of real-time music information retrieval techniques into musical instruments is a crucial step towards smart musical instruments that can reason about the musical context. This paper presents a real-time guitar playing technique recognition system for a smart electro-acoustic guitar. The proposed system comprises a software recogn...,second_surface_score_boundary,rank-83787b91ef,emerging,0.168309,294,good,useful,not_applicable,embedded real-time guitar playing-technique recognition for smart electro-acoustic instrument; core MIR.
8e6c3c015366f4ccd00618bf350a1d58738eb482edc25716c527c1219e083a65,ml-shadow-scorer-second-surface-labeling-worksheet-v1,ml_shadow_scorer_second_surface_generalization_v1,https://openalex.org/W7108644930,W7108644930,W7108644930,Leveraging Carnatic live recordings for singing voice separation using regression-guided latent diffusion,2025,0,,,"Score-based diffusion models have demonstrated promise to separate individual sources from music mixture signals in a generative fashion, paving the way for a new class of solutions for this challenging task. However, existing works rely on clean multi-stem data, which is scarce for several repertoires, consequently compromising generalization. In this wo...",second_surface_score_boundary,rank-83787b91ef,emerging,0.168256,297,good,useful,not_applicable,regression-guided latent diffusion singing-voice separation from Carnatic live recordings; core MIR source separation.
eb998e16cb7eaac0d0e78e231078ab3c2c8e5c35edf995316738d0eead546041,ml-shadow-scorer-second-surface-labeling-worksheet-v1,ml_shadow_scorer_second_surface_generalization_v1,https://openalex.org/W4413910507,W4413910507,W4413910507,HarmonyTok: Comparing Methods for Harmony Tokenization for Machine Learning,2025,0,,,"This paper explores different approaches to harmony tokenization in symbolic music for transformer-based models, focusing on two tasks: masked language modeling (MLM) and melodic harmonization generation. Four tokenization strategies are compared, each varying in how chord information is encoded: (1) as full chord symbols, (2) separated into root and qual...",second_surface_score_boundary,rank-83787b91ef,emerging,0.168173,299,good,useful,not_applicable,HarmonyTok comparing harmony tokenization strategies for transformer symbolic music MLM and harmonization; core symbolic MIR.
fcf8c80b64dc71c03da0977f01e0ba3da1cac837df567284af1f98cbb09416fe,ml-shadow-scorer-second-surface-labeling-worksheet-v1,ml_shadow_scorer_second_surface_generalization_v1,https://openalex.org/W4415254078,W4415254078,W4415254078,DeepASA: An Object-Oriented Multi-Purpose Network for Auditory Scene Analysis,2025,0,,,"We propose DeepASA, a multi-purpose model for auditory scene analysis that performs multi-input multi-output (MIMO) source separation, dereverberation, sound event detection (SED), audio classification, and direction-of-arrival estimation (DoAE) within a unified framework. DeepASA is designed for complex auditory scenes where multiple, often similar, soun...",second_surface_score_boundary,rank-83787b91ef,emerging,0.168044,303,miss,not_useful,not_applicable,DeepASA unified auditory scene analysis for environmental scenes; generic audio analysis outside music/MIR discovery scope.
74492baffaf6e140c6c7dc79b16c5a1674e82722eaaa9798e5f1825a84b7179d,ml-shadow-scorer-second-surface-labeling-worksheet-v1,ml_shadow_scorer_second_surface_generalization_v1,https://openalex.org/W7108732427,W7108732427,W7108732427,Conditional Diffusion as Latent Constraints for Controllable Symbolic Music Generation,2025,0,,,We explore the application of denoising diffusion processes as plug-and-play latent constraints for unconditional symbolic music generation models. Recent advances in latent diffusion models have demonstrated state-of-the-art performance in high-dimensional time-series data synthesis while providing flexible control through conditioning and guidance. Howe...,second_surface_score_boundary,rank-83787b91ef,emerging,0.167975,304,good,surprising,not_applicable,conditional diffusion as plug-and-play latent constraints for controllable symbolic music generation; core music AI.
88fe922400355a957fca844d1e25b7aa8a4eb35c3a9163e86b5cac255206e237,ml-shadow-scorer-second-surface-labeling-worksheet-v1,ml_shadow_scorer_second_surface_generalization_v1,https://openalex.org/W7131735100,W7131735100,W7131735100,Smartwatch-Based Audio-Gestural Insights in Violin Bow Stroke Analyses,2025,0,,,"Following the exposition of quantitative, identifiable idiosyncrasy in violin performance - via neural network classification - we demonstrate that smartwatch-based synchronous audio-gesture logging facilitates interpretable practice feedback in violin performance. The novelty of our approach is twofold: we exploit convenient multimodal data capture using...",second_surface_low_score_negative_candidate,rank-83787b91ef,emerging,0.167942,306,acceptable,useful,not_applicable,smartwatch audio-gesture logging for interpretable violin bow-stroke practice feedback; music-performance MIR-adjacent.
c7ef554aa0a2037db40dc41c29e985de531895c5806e9d83675785640df7d4c1,ml-shadow-scorer-second-surface-labeling-worksheet-v1,ml_shadow_scorer_second_surface_generalization_v1,https://openalex.org/W7124564431,W7124564431,W7124564431,Acoustic sentinel: hierarchical classification of footstep sound using fine and coarse-grain acoustic feature representations for tactical surveillance,2026,0,,,"In an increasingly volatile world, the security of strategic zones such as state borders, military garrisons, and critical infrastructure has regained paramount importance. Traditional visual surveillance systems are, however, limited by line-of-sight constraints, terrain obstructions, and high power consumption, rendering them ineffective for tactical se...",second_surface_low_score_negative_candidate,rank-83787b91ef,emerging,0.167906,308,irrelevant,neither,not_applicable,footstep sound classification for tactical border surveillance; military/security application outside music/MIR scope.
1b3d9e99915a7318cf3f56bcb07e0c4b102d7794f3af14eff33e19865c14564c,ml-shadow-scorer-second-surface-labeling-worksheet-v1,ml_shadow_scorer_second_surface_generalization_v1,https://openalex.org/W4412468122,W4412468122,W4412468122,Exploring the effectiveness of user-driven intent-based recommendation models implemented in a real-world music web service,2025,0,,,"Abstract This paper explores the effectiveness of a flexible song recommendation function implemented in a music web service. The function allows users to create recommendation models, which we refer to as intent-based recommendation models (IBRMs), according to their intents. For example, a user can develop IBRMs for ""cool songs,"" ""songs for concentratin...",second_surface_low_score_negative_candidate,rank-83787b91ef,emerging,0.167823,310,good,useful,not_applicable,user-driven intent-based recommendation models evaluated on a real-world music web service; core music recsys.
df514770b9be5b0d72fa55b708b5c1b4532c22cba4cc1a6fe1baf6317d3a72d3,ml-shadow-scorer-second-surface-labeling-worksheet-v1,ml_shadow_scorer_second_surface_generalization_v1,https://openalex.org/W7106686878,W7106686878,W7106686878,Enabling Empirical Analysis of Piano Performance Rehearsal With the Rach3 MIDI Dataset,2025,0,,,"Piano performance analysis is a well-studied field in MIR, owing to the availability of open datasets of piano performance. However, pianists spend more time rehearsing than performing, and the process of piano rehearsals remains understudied. The study of piano rehearsals can offer interesting insights into the strategies adopted by a pianist in order to...",second_surface_low_score_negative_candidate,rank-83787b91ef,emerging,0.167809,313,good,useful,not_applicable,Rach3 MIDI dataset enabling empirical piano rehearsal performance analysis; core MIR dataset/resource.
b9ed63f420f798b59451287bc13180bd7634d4a7093467a56c1726e945fc69d9,ml-shadow-scorer-second-surface-labeling-worksheet-v1,ml_shadow_scorer_second_surface_generalization_v1,https://openalex.org/W4414193440,W4414193440,W4414193440,Machine Learning in Teaching Piano Touch Technique and Tonal Expression,2025,0,,,"The application of machine learning in the field of music teaching is emerging, especially in piano teaching shows obvious potential.In this paper, we propose a key touch action recognition model based on ADAG-SVM.The Gaussian kernel function is chosen to solve the problem of high-dimensional vectors in the input space and feature space of action represen...",second_surface_low_score_negative_candidate,rank-83787b91ef,emerging,0.167729,315,acceptable,obvious,not_applicable,"ADAG-SVM piano touch-action recognition for tonal expression in music teaching; music-performance ML adjacent to MIR, though incremental."
09a19f12a489c8f0ff432377f1b0a6c8cc3a70d1cb6dd035128a427efb489a3b,ml-shadow-scorer-second-surface-labeling-worksheet-v1,ml_shadow_scorer_second_surface_generalization_v1,https://openalex.org/W4415054893,W4415054893,W4415054893,DreamAudio: Customized Text-to-Audio Generation with Diffusion Models,2025,0,,,"With the development of large-scale diffusion-based and language-modeling-based generative models, impressive progress has been achieved in text-to-audio generation. Despite producing high-quality outputs, existing text-to-audio models mainly aim to generate semantically aligned sound and fall short of controlling fine-grained acoustic characteristics of...",second_surface_low_score_negative_candidate,rank-83787b91ef,emerging,0.167616,318,acceptable,useful,not_applicable,DreamAudio customized text-to-audio generation with diffusion for fine-grained acoustic control; audio generation adjacent to music AI.
312b76ad5ec6aee9ebc5b5469969e8536ca40e5ffec3766562f6cfffd69632be,ml-shadow-scorer-second-surface-labeling-worksheet-v1,ml_shadow_scorer_second_surface_generalization_v1,https://openalex.org/W4413861711,W4413861711,W4413861711,EEG-Based Emotion Recognition using Beta and Gamma Rhythms With SVM and QBC Classifiers for Emotion-Aware Music Recommendation,2025,0,,,"Conventional music recommendation systems, based on user preferences or genre categories, fall short when it comes to emotionally engaging users according to their personality types. To address this gap, our study investigates EEG-based emotion recognition using Western music in combination with Internet of Things (IoT) technology. Guided by the dimension...",second_surface_low_score_negative_candidate,rank-83787b91ef,emerging,0.16758,320,acceptable,obvious,not_applicable,EEG-based emotion recognition driving emotion-aware music recommendation; emotion-driven music recommender prototype.
a4a6456e9ba1169f27ca263d947b88b9d8ae42d72ffd561328e584356a5d18e5,ml-shadow-scorer-second-surface-labeling-worksheet-v1,ml_shadow_scorer_second_surface_generalization_v1,https://openalex.org/W4417471638,W4417471638,W4417471638,Neural Audio Synthesis for Sound Effects: A Scope Review,2025,0,,,"Neural Audio Synthesis is dedicated to generating sound through generative neural networks. Sound effects are defined as auditory elements that complement a specific scene (in cinema, fiction, or videogames), support a storyline, enhance a fictional environment, or improve the perceived plausibility and presence (including Virtual Reality) without being m...",second_surface_low_score_negative_candidate,rank-83787b91ef,emerging,0.167435,323,miss,useful,not_applicable,"scope review of neural audio synthesis for cinema/game sound effects; SFX-focused, not music MIR or discovery."
242bddfa1748f6f2088fcdcd4ce27e1b2c527ae686a437616f3c81c2ddabcc0d,ml-shadow-scorer-second-surface-labeling-worksheet-v1,ml_shadow_scorer_second_surface_generalization_v1,https://openalex.org/W4413383800,W4413383800,W4413383800,The relative contributions of subjective and musical factors in music for sleep,2025,0,,,Previous research into music for sleep has focused on describing the types of musical characteristics associated with such music. The current study aimed to increase understanding of sleep music by investigating subjective perceptions of listeners associated with music that is considered sleep inducing. A listening experiment asked participants to rate mu...,second_surface_low_score_negative_candidate,rank-83787b91ef,emerging,0.167381,324,acceptable,useful,not_applicable,listening experiment on subjective and musical factors in sleep-inducing music; music perception research plausibly relevant.
d1d3d3512e54a29219cd47d5cd266f99f8f10802f3517052e7a16516742325ce,ml-shadow-scorer-second-surface-labeling-worksheet-v1,ml_shadow_scorer_second_surface_generalization_v1,https://openalex.org/W4414803864,W4414803864,W4414803864,MARS: Sound Generation via Multi-Channel Autoregression on Spectrograms,2025,0,,,"Research on audio generation has progressively developed along both waveform-based and spectrogram-based directions, giving rise to diverse strategies for representing and generating audio. At the same time, advances in image synthesis have shown that autoregression across scales, rather than tokens, improves coherence and detail. Building on these ideas,...",second_surface_low_score_negative_candidate,rank-83787b91ef,emerging,0.167325,326,acceptable,useful,not_applicable,MARS multichannel autoregressive spectrogram sound generation; general audio generation research adjacent to music AI.
e0cec9075729b4e8a3d4ee297ebf7752e039378b356f2823bb3f7deef0542311,ml-shadow-scorer-second-surface-labeling-worksheet-v1,ml_shadow_scorer_second_surface_generalization_v1,https://openalex.org/W4412857239,W4412857239,W4412857239,Evolving Music Consumption From Live Performances to Case Based Playlist Recommendations,2025,0,,,"Historically, music was accessible primarily through live performances or personal rendition, with notation systems serving the elite. The evolution of sound reproduction technology- from mechanical music boxes to digital formats like CDs and streaming services-transformed music accessibility. This paper examines the shift from physical music ownership an...",second_surface_low_score_negative_candidate,rank-83787b91ef,emerging,0.167323,327,acceptable,obvious,not_applicable,"historical essay on music consumption evolution toward case-based playlist recommendations; music-listening/rec history, not core MIR method."
f9561008519cd603ef14008c70b5cba158f7af55e22a2149ddf5d1196fbf7b73,ml-shadow-scorer-second-surface-labeling-worksheet-v1,ml_shadow_scorer_second_surface_generalization_v1,https://openalex.org/W4413467201,W4413467201,W4413467201,Music genre classification using Inception-ResNet architecture,2025,0,,,"<span lang=""EN-US"">Music genres help categorize music but lack strict boundaries, emerging from interactions among public, marketing, history, and culture. With Spotify hosting over 80 million tracks, organizing digital music is challenging due to the sheer volume and diversity. Automating music genre classification aids in managing this vast array and at...",second_surface_low_score_negative_candidate,rank-83787b91ef,emerging,0.167095,332,acceptable,obvious,not_applicable,"Inception-ResNet music genre classification for streaming-scale catalogs; standard MIR task, incremental architecture."
f1251a407432bd2e02dc1d655e257aaaf25ee964d01ba1fad96f7e39483709cd,ml-shadow-scorer-second-surface-labeling-worksheet-v1,ml_shadow_scorer_second_surface_generalization_v1,https://openalex.org/W4413331840,W4413331840,W4413331840,Research on the construction of intelligent art design system based on multimodal perception and generative AI,2025,0,,,"This paper introduces an intelligent art design system powered by generative AI to address the cross-modal semantic disconnection in art creation. By integrating symbolic cognitive constraints and dynamic rule injection mechanisms, the system enhances both semantic accuracy and aesthetic quality in generative models. A cultural semantic knowledge graph is...",second_surface_low_score_negative_candidate,rank-83787b91ef,emerging,0.166827,338,miss,not_useful,not_applicable,intelligent art design system with generative AI and cultural knowledge graph; visual art design outside music/MIR scope.
c413fcb51d2e39a20adc521563df2e2fe6d456032252f0ba5e14c9bc72122dda,ml-shadow-scorer-second-surface-labeling-worksheet-v1,ml_shadow_scorer_second_surface_generalization_v1,https://openalex.org/W7117717922,W7117717922,W7117717922,A lightweight dual branch masking network for environmental sound classification,2025,0,,,"Environmental sound classification (ESC) is crucial for applications such as intelligent surveillance, urban acoustic monitoring, and human-computer interaction. Although deep neural networks (DNNs) have significantly improved ESC performance, these methods often rely on large models and extensive pretraining, making them difficult to deploy in resource-c...",second_surface_low_score_negative_candidate,rank-83787b91ef,emerging,0.166791,340,miss,not_useful,not_applicable,lightweight dual-branch network for environmental sound classification; surveillance/urban acoustics outside music scope.
8fd7877613ab4f651ad6f531d647547041a4b5996595553d72391fa682a88713,ml-shadow-scorer-second-surface-labeling-worksheet-v1,ml_shadow_scorer_second_surface_generalization_v1,https://openalex.org/W4415536603,W4415536603,W4415536603,AudioFab: Building A General and Intelligent Audio Factory through Tool Learning,2025,0,,,"Currently, artificial intelligence is profoundly transforming the audio domain; however, numerous advanced algorithms and tools remain fragmented, lacking a unified and efficient framework to unlock their full potential. Existing audio agent frameworks often suffer from complex environment configurations and inefficient tool collaboration. To address thes...",second_surface_low_score_negative_candidate,rank-83787b91ef,emerging,0.16648,342,good,useful,not_applicable,AudioFab general intelligent audio factory via tool-learning agents; unified audio AI framework relevant to MIR practitioners.
d341b08374f09a89e65029db26db9ef46efa113b39e1b513d50d625bb497100e,ml-shadow-scorer-second-surface-labeling-worksheet-v1,ml_shadow_scorer_second_surface_generalization_v1,https://openalex.org/W4404307875,W4404307875,W4404307875,Regularized Autoregressive Modeling and Its Application to Audio Signal Reconstruction,2026,0,,,"Autoregressive (AR) modeling is invaluable in signal processing, in particular in speech and audio fields. Attempts in the literature can be found that regularize or constrain either the time-domain signal values or the AR coefficients, which is done for various reasons, including the incorporation of prior information or numerical stabilization. Although...",second_surface_low_score_negative_candidate,rank-83787b91ef,emerging,0.166451,343,miss,not_useful,not_applicable,regularized autoregressive modeling for audio signal reconstruction; generic audio DSP without music discovery value.
93733580a2b34412e46b05b5966fb51256d6f7449228d2f9a939b5efb8c38bd5,ml-shadow-scorer-second-surface-labeling-worksheet-v1,ml_shadow_scorer_second_surface_generalization_v1,https://openalex.org/W7154267200,W7154267200,W7154267200,Siamese network contrastive learning model for the objective evaluation of singing sound quality,2026,0,,,"This study extracts target singers' voices from mixed audio with background music and noise, addressing the subjectivity, instability and lack of objective standards in traditional evaluation.An innovative SNN-SpEx+ method is proposed, combining Siamese neural network (SNN) and contrastive learning-based SpEx+.Its parameter-sharing twin architecture unifi...",second_surface_low_score_negative_candidate,rank-83787b91ef,emerging,0.166286,346,good,useful,not_applicable,Siamese contrastive learning for objective singing sound-quality evaluation after source extraction; core MIR singing assessment.
c870921cc70fa722d7504d8ef23062efd5a2a687c59e6d5790f7586d94aaf2df,ml-shadow-scorer-second-surface-labeling-worksheet-v1,ml_shadow_scorer_second_surface_generalization_v1,https://openalex.org/W4404570900,W4404570900,W4404570900,Relevance-Guided Audio Visual Fusion for Video Saliency Prediction,2026,0,,,"Audio data, often synchronized with video frames, plays a crucial role in guiding the audience's visual attention. Incorporating audio information into video saliency prediction task can enhance the prediction of human visual behavior. However, existing audio-visual saliency prediction methods often directly fuse audio and visual features, without evaluat...",second_surface_low_score_negative_candidate,rank-83787b91ef,emerging,0.16577,353,miss,not_useful,not_applicable,audio-visual fusion for video saliency prediction; computer-vision task outside music/MIR/recommender scope.
eb8f029f4e56c3b46bdfb838ec781534c7111549fff41a92bd30baeaca93ec20,ml-shadow-scorer-second-surface-labeling-worksheet-v1,ml_shadow_scorer_second_surface_generalization_v1,https://openalex.org/W7117124508,W7117124508,W7117124508,ADFF-Net: An Attention-Based Dual-Stream Feature Fusion Network for Respiratory Sound Classification,2025,0,,,"Deep learning-based respiratory sound classification (RSC) has emerged as a promising non-invasive approach to assist clinical diagnosis. However, existing methods often face challenges, such as sub-optimal feature representation and limited model expressiveness. To address these issues, we propose an Attention-based Dual-stream Feature Fusion Network (AD...",second_surface_low_score_negative_candidate,rank-83787b91ef,emerging,0.165742,354,irrelevant,neither,not_applicable,respiratory sound classification for clinical diagnosis; medical audio outside music/MIR scope.
b813f6d319c3f23fd7c25b26a882065fd053e21bc1e8727325ac038ea869955b,ml-shadow-scorer-second-surface-labeling-worksheet-v1,ml_shadow_scorer_second_surface_generalization_v1,https://openalex.org/W4412672411,W4412672411,W4412672411,Music and Fertility: Investigating the Therapeutic Role of Musical Interventions in Enhancing Female Reproductive Health,2025,0,,,"Abstract As integrative approaches to reproductive health continue to evolve, music therapy has emerged as a promising non-pharmacological tool with potential benefits for women experiencing conception challenges. This study investigates the therapeutic role of structured musical interventions on female reproductive health, focusing on both hormonal regul...",second_surface_low_score_negative_candidate,rank-83787b91ef,emerging,0.165656,357,miss,not_useful,not_applicable,clinical study of musical interventions for female reproductive health; music therapy outside MIR/recommender discovery scope.
eb4ced7dbfdc5386c4ad6421d78ca4d38790ace4a82a6e65ab21df65d601e585,ml-shadow-scorer-second-surface-labeling-worksheet-v1,ml_shadow_scorer_second_surface_generalization_v1,https://openalex.org/W4416242781,W4416242781,W4416242781,Filling MIDI Velocity using U-Net Image Colorizer,2025,0,,,"Modern music producers commonly use MIDI (Musical Instrument Digital Interface) to store their musical compositions. However, MIDI files created with digital software may lack the expressive characteristics of human performances, essentially leaving the velocity parameter-a control for note loudness-undefined, which defaults to a flat value. The task of f...",second_surface_low_score_negative_candidate,rank-83787b91ef,emerging,0.165365,362,good,useful,not_applicable,U-Net image colorization approach for filling expressive MIDI velocity; core symbolic MIR performance modeling.
76f386fc39882add0a747d9b2743aa3023ee5dd6b4d6f52318519f7817c8a185,ml-shadow-scorer-second-surface-labeling-worksheet-v1,ml_shadow_scorer_second_surface_generalization_v1,https://openalex.org/W4413481088,W4413481088,W4413481088,Neural Network Regression for Sound Source Localization Using Time Difference of Arrival Based on Parametric Homomorphic Deconvolution,2025,0,,,"This paper proposes a novel sound source localization system that combines parametric homomorphic deconvolution with neural network regression to estimate the angle of arrival from a single-channel signal. The system uses an analog adder to sum signals from three spatially arranged microphones, reducing system hardware complexity and requiring the estimat...",second_surface_low_score_negative_candidate,rank-83787b91ef,emerging,0.165305,363,miss,not_useful,not_applicable,"neural-network TDOA sound-source localization with homomorphic deconvolution; generic localization DSP, not music MIR."
b37fb92324ce18f5fcc3a5fc86325ed997bdc3c88cea7b24ac0a55e0b2c3637e,ml-shadow-scorer-second-surface-labeling-worksheet-v1,ml_shadow_scorer_second_surface_generalization_v1,https://openalex.org/W4412972774,W4412972774,W4412972774,Music Genre Classification Based on Convolutional Neural Networks and Transformer,2025,0,,,"With the proliferation of the Internet, an increasing number of people have grown accustomed to enjoying music on music streaming software. For music players, classifying the genres of newly released songs, which are emerging in an explosive manner every day, has become a challenging task. This paper aims to explore how to efficiently and accurately class...",second_surface_low_score_negative_candidate,rank-83787b91ef,emerging,0.165291,365,acceptable,obvious,not_applicable,"CNN+Transformer music genre classification for streaming new releases; standard MIR task, prototype tier."
6795bcaeba9ca8cab7cc670099c92c25c8f1cb63a84d8f55eafbac5bd3da1e3d,ml-shadow-scorer-second-surface-labeling-worksheet-v1,ml_shadow_scorer_second_surface_generalization_v1,https://openalex.org/W4413817840,W4413817840,W4413817840,Optimization of the K-Means Method and Davies-Bouldin Index (DBI) Technique in Mapping Spotify's Most Popular Songs Based on Mood,2025,0,,,"Spotify is a leading music streaming platform that offers a wide variety of songs with audio characteristics capable of influencing listeners' moods. This study aims to optimize the K-Means method to cluster popular songs based on users' moods, with the support of the Davies-Bouldin Index (DBI) technique to determine the optimal number of clusters. The da...",second_surface_low_score_negative_candidate,rank-83787b91ef,emerging,0.165181,366,acceptable,obvious,not_applicable,"K-Means and DBI clustering of Spotify popular songs by mood; music analytics adjacent to recommendation, not core method research."
933ba7b40ab29d5d1870cdd5f17b9dffe6212949ede302a333772b29d313530f,ml-shadow-scorer-second-surface-labeling-worksheet-v1,ml_shadow_scorer_second_surface_generalization_v1,https://openalex.org/W4414227080,W4414227080,W4414227080,AutoTab: An Interactive System for Automatic Guitar Tablature Transcription,2025,0,,,"This work introduces AutoTab, an interactive system designed to simplify the process of transcribing music into guitar tablature. By combining sound event detection, Convolutional Neural Networks (CNNs), and graph-based optimization algorithms, AutoTab offers an intuitive and accessible solution for musicians of all skill levels. The system employs precis...",second_surface_low_score_negative_candidate,rank-83787b91ef,emerging,0.164774,372,good,useful,not_applicable,AutoTab interactive automatic guitar tablature transcription combining SED and CNNs; core MIR transcription tool.
269ea36902b62663209d124af0fad8d453c46ff1ae366044a3e5ddea937b2765,ml-shadow-scorer-second-surface-labeling-worksheet-v1,ml_shadow_scorer_second_surface_generalization_v1,https://openalex.org/W4414659999,W4414659999,W4414659999,"Understanding rhythmic structures, novelty, and influence in classical music from data",2025,0,,,"Rhythm plays a fundamental and critical role in human cognition of time-series stimuli, and is deeply correlated with emotional experiences. Rhythm is therefore a crucial element of music as well, and it is not difficult to picture composers of music heavily invested in the rhythmic structure of their creative works. In this work, we analyze $1\,143$ clas...",second_surface_low_score_negative_candidate,rank-83787b91ef,emerging,0.164677,374,good,useful,not_applicable,"data-driven analysis of rhythmic structure, novelty, and influence in classical music corpus; core music analytics/MIR."
0a1e66ab93c67147a2f4afb75426d4f63c8eb87b6c2fd25f05e403945436c93a,ml-shadow-scorer-second-surface-labeling-worksheet-v1,ml_shadow_scorer_second_surface_generalization_v1,https://openalex.org/W7118066498,W7118066498,W7118066498,A multi-task EEG emotion recognition method based on emotion-dimension coupling constraints,2026,0,,,"Electroencephalography (EEG)-based emotion recognition seeks to enable multidimensional inference of valence, arousal, and dominance (V-A-D) from non-invasive brain signals. However, most existing methods either process each dimension in isolation or adopt single-task pipelines, which underutilize cross-dimensional information and reduce both generalizati...",second_surface_low_score_negative_candidate,rank-83787b91ef,emerging,0.164323,380,miss,not_useful,not_applicable,multi-task EEG emotion recognition with dimension coupling; biosignal ML without music content or recommender scope.
e06ba3addad3fb3f8650799d89d94e66762124aa2dfc33c6317ea7b2af987859,ml-shadow-scorer-second-surface-labeling-worksheet-v1,ml_shadow_scorer_second_surface_generalization_v1,https://openalex.org/W4413612773,W4413612773,W4413612773,The Role of Fairness and Diversity in User Choices and Perceptions of Music Playlists,2025,0,,,"Nowadays, most listeners access music through streaming platforms, which has transformed how recommendations are delivered and received. Notable work has been done on improving fairness for end users or item providers in music recommender systems, often applying pre-processing and re-ranking approaches. However, the positive influence users may exert on f...",second_surface_low_score_negative_candidate,rank-83787b91ef,emerging,0.163693,391,good,useful,not_applicable,fairness and diversity in user perceptions of music playlists on streaming platforms; core music recsys research.
964e345f1a9bad8348b06ffc4fb40f987d5652a2c7bf1a99bcbd11ab23d1bbbb,ml-shadow-scorer-second-surface-labeling-worksheet-v1,ml_shadow_scorer_second_surface_generalization_v1,https://openalex.org/W4412495054,W4412495054,W4412495054,CustomDancer: Customized Dance Recommendation by Text-Dance Retrieval,2025,0,,,"Dance serves as both a cultural cornerstone and a medium for personal expression, yet the exponential growth of online dance content has intensified the need for personalized retrieval systems. While text-based dance retrieval offers a promising avenue for users to articulate preferences through natural language, existing methods face critical challenges:...",second_surface_low_score_negative_candidate,rank-83787b91ef,emerging,0.163625,396,miss,not_useful,not_applicable,text-to-dance retrieval and customized dance recommendation; dance retrieval outside music/MIR product scope.
e6f58c27238a3dce472ab4e40db4ad7f59fd05ceddfe07f0eea7ca96b9949b83,ml-shadow-scorer-second-surface-labeling-worksheet-v1,ml_shadow_scorer_second_surface_generalization_v1,https://openalex.org/W4415336942,W4415336942,W4415336942,Training-Free Multimodal Guidance for Video to Audio Generation,2026,0,,,"Video-to-audio (V2A) generation aims to synthesize realistic and semantically aligned audio from silent videos, with potential applications in video editing, foley sound design, and assistive multimedia. Although the excellent results, existing approaches either require costly joint training on large-scale paired datasets or rely on pairwise similarities...",second_surface_low_score_negative_candidate,rank-83787b91ef,emerging,0.163564,397,miss,not_useful,not_applicable,training-free multimodal guidance for video-to-audio/foley generation; general V2A not music discovery or recommender research.
c9a5bfbfead0b56208c82797755b2f0b03d3b3f5eee9330497d48dab300ea726,ml-shadow-scorer-second-surface-labeling-worksheet-v1,ml_shadow_scorer_second_surface_generalization_v1,https://openalex.org/W4413329056,W4413329056,W4413329056,Feasibility Trial Protocol for a Remote Intentional Music Listening Intervention to Support Mental Health in Individuals with Chronic Stroke,2025,0,,,"Abstract Introduction Post-stroke depression affects approximately 30% of stroke survivors and is linked to worse functional outcomes, cognitive decline, reduced quality of life, and increased mortality. While early treatment of post-stroke mental health conditions is critical, current pharmacological options offer limited efficacy. Music listening interv...",second_surface_low_score_negative_candidate,rank-83787b91ef,emerging,0.163526,400,miss,not_useful,not_applicable,clinical trial protocol for intentional music listening after stroke; clinical intervention outside MIR scope.
7eac7a5a23be356e832286cb5cf7351b4181bf164349d626ee63ae8a2a5b0b15,ml-shadow-scorer-second-surface-labeling-worksheet-v1,ml_shadow_scorer_second_surface_generalization_v1,https://openalex.org/W4404396164,W4404396164,W4404396164,A Multitrack Technical Ear Trainer,2024,0,jaes,RFID technology advancements,"Technical ear training programs generally focus on engaging learners in tasks to increase their sensitivity to various auditory attributes. However, very little work has been done on integrating ear training into a multitrack environment where contextual factors dictate the employment and configuration of audio processing tools for mixing engineers. For n...",second_surface_low_score_negative_candidate,rank-83787b91ef,emerging,0.163158,410,acceptable,useful,not_applicable,multitrack technical ear trainer integrating mixing-context ear training; music-production education plausibly relevant to audio/MIR researcher.
3bc367b18527bec1c784f6e9b0d204bfa15cf7f0d35f7cdca2314e5ca0077f65,ml-shadow-scorer-second-surface-labeling-worksheet-v1,ml_shadow_scorer_second_surface_generalization_v1,https://openalex.org/W4413273612,W4413273612,W4413273612,The transformation of programmed music from the Romantic period to the Anthropocene,2025,0,,,"This study examines the historical, aesthetic and conceptual transformation of program music from the Romantic Period to the Anthropocene Age. Historically, program music has undertaken different functions in different periods of music history with its structure based on a specific narrative, representation or depiction of nature. In the Romantic Period,...",second_surface_low_score_negative_candidate,rank-83787b91ef,emerging,0.16305,412,miss,obvious,not_applicable,humanities study of program music from Romantic period to Anthropocene; musicology without technical MIR contribution.
d399a830124083f46b7b88560c6f983ce7d158ca1b95f8a42b502f3ed5932e59,ml-shadow-scorer-second-surface-labeling-worksheet-v1,ml_shadow_scorer_second_surface_generalization_v1,https://openalex.org/W4412848071,W4412848071,W4412848071,Music as Sacred Medicine in the Maternal-Fetal Space an Integrative Framework forPrenatal Healing and Development,2025,0,,,"This essay synthesizes current scientific literature on the effects of music exposure during fetal development, examining evidence from neurobiological, cellular, psychological, and clinical perspectives. Drawing from recent research spanning 2020-2025, we analyze how prenatal musical exposure influences neural plasticity, language development, maternal m...",second_surface_low_score_negative_candidate,rank-83787b91ef,emerging,0.163036,414,miss,not_useful,not_applicable,integrative essay on prenatal music exposure and fetal development; clinical/wellness discourse outside MIR discovery scope.
8ab563c2dd022cb97de9808cd61459fbd85eee59e6cb3414f0d268e0deb60127,ml-shadow-scorer-second-surface-labeling-worksheet-v1,ml_shadow_scorer_second_surface_generalization_v1,https://openalex.org/W7148786883,W7148786883,W7148786883,Bibliometric Mapping and Systematic Review of Deep Learning Approaches in Film and Multimedia Recommendation Systems within New Media,2026,0,,,"The rapid growth of film, video, and multimedia content on new media platforms has intensified information overload, increasing the importance of effective recommender systems. Traditional recommendation approaches face limitations in modeling complex content semantics and dynamic user preferences. Deep learning techniques have been widely adopted to enha...",second_surface_low_score_negative_candidate,rank-83787b91ef,emerging,0.162899,416,miss,obvious,not_applicable,"bibliometric review of deep learning in film and multimedia recommender systems; film/video recsys, not music."
82f77ff6ed5a2b4b7039e6e44e95eb8a5ce114714f7060829306082030e91f0a,ml-shadow-scorer-second-surface-labeling-worksheet-v1,ml_shadow_scorer_second_surface_generalization_v1,https://openalex.org/W7116724193,W7116724193,W7116724193,Automatic generation and transfer of Yongju opera language using AIGC technology and style mapping,2025,0,,,"This research combines artificial intelligence generated content technology with style transfer methods to significantly improve the efficiency of generating and transmitting Yongju opera language content. To overcome fundamental challenges in traditional content creation, we first performed a comprehensive analysis of Yongju opera's linguistic characteri...",second_surface_low_score_negative_candidate,rank-83787b91ef,emerging,0.162129,426,miss,obvious,not_applicable,"AIGC style transfer for Yongju opera language generation and transmission; opera humanities content, not MIR discovery."
8fc8adfb080732e603b20ec0b6fc2c6dd3b9512546fa9260e80fe0d09efeb783,ml-shadow-scorer-second-surface-labeling-worksheet-v1,ml_shadow_scorer_second_surface_generalization_v1,https://openalex.org/W4414043627,W4414043627,W4414043627,Real Time Mood Detection And Personalized Assistant,2025,0,,,"Building emotionally intelligent systems has advanced significantly in recent years as a result of the combination of affective computing and artificial intelligence.This study introduces a Real-Time Mood Detection and Personalized Assistant that enhances human-computer interaction by utilizing generative AI, deep learning, and computer vision.The system...",second_surface_low_score_negative_candidate,rank-83787b91ef,emerging,0.162115,427,miss,not_useful,not_applicable,generic real-time mood detection personalized assistant via vision and generative AI; not music-focused recommendation research.
176031eddb70efbb5f0786b849d7e4e07fa9616cc09d512ff425a63f3f5a59b0,ml-shadow-scorer-second-surface-labeling-worksheet-v1,ml_shadow_scorer_second_surface_generalization_v1,https://openalex.org/W7115811557,W7115811557,W7115811557,Résumé de présentations multimodales avec des modèles de langue,2025,0,,,"Abstractive summarization of long, multimodal presentations poses unique challenges due to the complexity of integrating diverse modalities (e.g. audio, video, transcript, slides) and synthesizing concise, informative summaries over extended contexts. Recent advancements in language models suggest they are now capable of addressing these challenges, yet c...",second_surface_low_score_negative_candidate,rank-83787b91ef,emerging,0.161857,430,miss,not_useful,not_applicable,multimodal presentation abstractive summarization with language models; conference summarization outside music/MIR scope.
2a66ec8e637ce887272cd27abac66e51f5c8f85d1f731190a2c132d5e7db20ec,ml-shadow-scorer-second-surface-labeling-worksheet-v1,ml_shadow_scorer_second_surface_generalization_v1,https://openalex.org/W4416188316,W4416188316,W4416188316,Ontology-Driven Multi-Agent System for Cross-Domain Art Translation,2025,0,,,"Generative models can generate art within a single modality with high fidelity. However, translating a work of art from one domain to another (e.g., painting to music or poem to painting) in a meaningful way remains a longstanding, interdisciplinary challenge. We propose a novel approach combining a multi-agent system (MAS) architecture with an ontology-g...",second_surface_low_score_negative_candidate,rank-83787b91ef,emerging,0.161811,431,acceptable,useful,not_applicable,ontology-driven multi-agent cross-domain art translation including poem-to-painting and painting-to-music; cross-modal music generation adjacent.
b0e9aa61fa692a2ebb6d370012c70307b1faba2690d2ad0a0b29094db8df0985,ml-shadow-scorer-second-surface-labeling-worksheet-v1,ml_shadow_scorer_second_surface_generalization_v1,https://openalex.org/W7117817819,W7117817819,W7117817819,K4F-Net: Lightweight multi-view speech emotion recognition with Kronecker convolution and cross-language robustness,2025,0,,,"Speech emotion recognition has been gaining importance for years, but most of the existing models are based on a single signal representation or conventional convolutional layers with a large number of parameters. In this study, we propose a compact multi-representation architecture that combines four images of the speech signal: spectrogram, MFCC feature...",second_surface_low_score_negative_candidate,rank-83787b91ef,emerging,0.161791,432,miss,not_useful,not_applicable,K4F-Net lightweight speech emotion recognition; speech processing outside music/MIR/recommender scope.
a70094642f96d1e61415af3d661b33c7d71e7d196c05f4a8a3af904fcd26017e,ml-shadow-scorer-second-surface-labeling-worksheet-v1,ml_shadow_scorer_second_surface_generalization_v1,https://openalex.org/W7140272473,W7140272473,W7140272473,Compressing Quaternion Convolutional Neural Networks for Audio Classification,2026,0,,,"Conventional Convolutional Neural Networks (CNNs) in the real domain have been widely used for audio classification. However, CNNs have limited ability to capture correlations across channels when processing multi-channel inputs. This can lead to suboptimal feature learning, particularly for complex audio patterns such as multi-channel spectrogram represe...",second_surface_low_score_negative_candidate,rank-83787b91ef,emerging,0.161191,434,miss,not_useful,not_applicable,compressed quaternion CNNs for generic audio classification; general audio ML without music discovery focus.
2e1b78c6452181235e3495ee36d4fc4bb425b756f7da13b4238da5b9ecf98062,ml-shadow-scorer-second-surface-labeling-worksheet-v1,ml_shadow_scorer_second_surface_generalization_v1,https://openalex.org/W4402556693,W4402556693,W4402556693,Capturing Film Mixers' Workflows,2024,0,jaes,Business Process Modeling and Analysis;Simulation Techniques and Applications,"Cinema being a controlled medium can offer stakeholders reassurance and a certain level of predictability in terms of soundtrack reproduction. The television and streaming suite of standards and delivery specifications have been developed in order to provide a consistent sonic experience for viewers, as well as predictability for content creators. However...",second_surface_low_score_negative_candidate,rank-83787b91ef,emerging,0.160936,436,miss,not_useful,not_applicable,study of film mixer workflows for TV/streaming delivery standards; broadcast audio engineering outside music MIR scope.
2b405bd6425ba3a3aee3df438ce8370a5844812c42d1020e9ec8b1657bd81c23,ml-shadow-scorer-second-surface-labeling-worksheet-v1,ml_shadow_scorer_second_surface_generalization_v1,https://openalex.org/W7125624381,W7125624381,W7125624381,Transcription automatique des performances musicales symboliques et polyphoniques,2025,0,,,"La transcription musicale est la procédure consistant à transformer une performance musicale en une partition. Transcrire manuellement un enregistrement audio en écriture musicale est cependant une tâche particulièrement chronophage et ardue. C'est ainsi que, en se basant sur les techniques de reconnaissance automatique de la parole, des techniques de tra...",second_surface_low_score_negative_candidate,rank-83787b91ef,emerging,0.160069,444,good,useful,not_applicable,automatic symbolic polyphonic music transcription from audio performances; core MIR transcription research.
a9707f40b01d673bd9577bb2052d117fa62336a905a62f5d77c07155036c1af1,ml-shadow-scorer-second-surface-labeling-worksheet-v1,ml_shadow_scorer_second_surface_generalization_v1,https://openalex.org/W4413329385,W4413329385,W4413329385,Acoustic Analysis of Semi-Rigid Base Asphalt Pavements Based on Transformer Model and Parallel Cross-Gate Convolutional Neural Network,2025,0,,,"Semi-rigid base asphalt pavements, a common highway structure in China, often suffer from debonding defects which reduce road stability and shorten service life. In this study, a new method of road debonding detection based on the acoustic vibration method is proposed to address the needs of hidden debonding defects which are difficult to detect. The appr...",second_surface_low_score_negative_candidate,rank-83787b91ef,emerging,0.160037,445,irrelevant,neither,not_applicable,acoustic vibration analysis of asphalt pavement debonding; civil engineering outside music/MIR scope.
84ee06fc24560026cde1ba015d67aeb5cd9ab2ff42829f8ebbc54a5385ae8167,ml-shadow-scorer-second-surface-labeling-worksheet-v1,ml_shadow_scorer_second_surface_generalization_v1,https://openalex.org/W4413413043,W4413413043,W4413413043,Streaming vs. Live Music: How Changing Consumer Preferences Are Reshaping Revenue Models in the Music Industry (A Field-Based Study),2025,0,,,"In recent years, the music industry has undergone a profound transformation as consumer tastes have shifted from owning and physically buying music to accessing vast libraries via streaming services. Global recorded music revenue reached record highs in 2024, driven mainly by paid streaming subscriptions [1]. At the same time, live music events have rebou...",second_surface_low_score_negative_candidate,rank-83787b91ef,emerging,0.159402,448,miss,obvious,not_applicable,"field study of streaming vs live-music revenue models in the music industry; music-business research, not MIR/audio/recsys."
03d5d5351a573335d9a9fe67b0bce014e4024b5eda9c4b54b5ec75bef314a325,ml-shadow-scorer-second-surface-labeling-worksheet-v1,ml_shadow_scorer_second_surface_generalization_v1,https://openalex.org/W4412524582,W4412524582,W4412524582,Supporting continuing bonds for parents with infants with uncertain futures on neonatal units in the United Kingdom: co-designing a culturally sensitive music therapy intervention,2025,0,,,"Introduction: Neonatal intensive care is a traumatic environment for parents, infants and staff. Services need to collaborate with their users to develop acceptable and sustainable support. Music therapy can have positive impacts on physiological and psychological outcomes for infants and has the potential to help create a supportive service environment....",second_surface_low_score_negative_candidate,rank-83787b91ef,emerging,0.159378,449,miss,not_useful,not_applicable,co-designed neonatal music therapy intervention for parents; clinical music therapy outside MIR discovery scope.
af93d63ac2e15c6bbfcb63e03b518de51c856befd85782c9db1826dbf75e873e,ml-shadow-scorer-second-surface-labeling-worksheet-v1,ml_shadow_scorer_second_surface_generalization_v1,https://openalex.org/W4415817852,W4415817852,W4415817852,A royalty framework for copyright protection and accountability in AI-generated art,2025,0,,,"The emergence of generative artificial intelligence has profoundly reshaped the landscape of creative production, but it has also raised critical questions regarding authorship, copyright, and ethical accountability. This paper engages with the growing discourse on the legal status of AI-generated content, emphasizing the challenges it poses to existing c...",second_surface_low_score_negative_candidate,rank-83787b91ef,emerging,0.158551,457,acceptable,useful,not_applicable,royalty and copyright accountability framework for AI-generated art; policy relevant to AI music generation and attribution.
4daeb6488a617563fce32925c5271ee18b89f7cd51b7b62ea1db4a099e0f99f0,ml-shadow-scorer-second-surface-labeling-worksheet-v1,ml_shadow_scorer_second_surface_generalization_v1,https://openalex.org/W4413020395,W4413020395,W4413020395,Military veterans' perspectives on using music to manage chronic pain: themes from the feasibility and acceptability of music imagery and listening interventions for analgesia study,2025,0,,,"Introduction: Chronic pain conditions are common in military veterans, often leading to disability, psychological distress and high healthcare utilization. An interdisciplinary approach, informed by a biopsychosocial model, is recommended for patients with chronic pain. Music-based interventions have shown improvements in patients with pain, but results a...",second_surface_low_score_negative_candidate,rank-83787b91ef,emerging,0.156727,471,miss,not_useful,not_applicable,qualitative study of veterans using music for chronic pain management; clinical health research outside MIR scope.
12642485c46d572080c203b12911fbbf4e966986f54ff3fc812201902fdfa9c9,ml-shadow-scorer-second-surface-labeling-worksheet-v1,ml_shadow_scorer_second_surface_generalization_v1,https://openalex.org/W4413847512,W4413847512,W4413847512,Performance poetics of Polish piano music (1880-1925): a language-style discourse,2025,0,,,"Statement of the problem. The piano music of Polish composers from the late 19th to early 20th centuries reflects both continuity with Romantic traditions and the emergence of new stylistic and aesthetic paradigms. However, Ukrainian musicological discourse has not sufficiently addressed the interpretative aspects of this repertoire, particularly through...",second_surface_low_score_negative_candidate,rank-83787b91ef,emerging,0.155396,477,miss,obvious,not_applicable,musicological discourse on Polish piano repertoire performance poetics; humanities analysis without MIR method contribution.
de041ee0c1c047123fb6f77be520c0c5b42f6e1bfd72887ded64234cd7ca0504,ml-shadow-scorer-second-surface-labeling-worksheet-v1,ml_shadow_scorer_second_surface_generalization_v1,https://openalex.org/W7125951231,W7125951231,W7125951231,"""Currently Listening to …"": Curating Artist Playlists and Authenticity on Spotify",2025,0,,,"This article examines music curation and authenticity through Artist Playlists on Spotify. It charts the ways that English-speaking popular music artists based in Europe and the United States curate music through three types of Artist Playlists-Catalog Artist Playlists (CAPs), Catalog Plus Artist Playlists (CPAPs), and Non-Catalog Artist Playlists (NCAPs)...",second_surface_low_score_negative_candidate,rank-83787b91ef,emerging,0.154055,483,acceptable,useful,not_applicable,study of artist playlist curation and authenticity on Spotify; music streaming discovery and curation research.
6ef0c3d8411b0fa34ef657583f41232020f0a67981380d6a9631b152774fef54,ml-shadow-scorer-second-surface-labeling-worksheet-v1,ml_shadow_scorer_second_surface_generalization_v1,https://openalex.org/W4415722986,W4415722986,W4415722986,"Inclusive education and interdisciplinary approaches to the environment, pedagogical support, and social development: a systematic review",2025,0,,,"Background and Study Aim. Inclusive education is increasingly regarded as a priority for ensuring equal opportunities for learning and development among all participants in the educational process. Despite growing attention, inclusive education still lacks interdisciplinary integration, particularly in spatial and pedagogical dimensions. The aim of this s...",second_surface_low_score_negative_candidate,rank-83787b91ef,emerging,0.153249,490,irrelevant,neither,not_applicable,systematic review of inclusive education and interdisciplinary pedagogy; education policy outside music/MIR scope.
4c467971b2984c56c5fa9f6adf8902638ee5dbf92100737fe2fd45018ed4584a,ml-shadow-scorer-second-surface-labeling-worksheet-v1,ml_shadow_scorer_second_surface_generalization_v1,https://openalex.org/W7161299073,W7161299073,W7161299073,Composing under shadow : pianistic and performative interpretations of Ullmann's works from pre-Theresienstadt to Theresienstadt,2026,0,,,"This artistic research project examines the development of Viktor Ullmann's compositional language across two distinct periods: 1936-1941 in Prague and 1942-1944 during his imprisonment in Theresienstadt Ghetto. It explores the transformation of Ullmann's expressive priorities in response to his philosophical and artistic development, as well as the oppre...",second_surface_low_score_negative_candidate,rank-83787b91ef,emerging,0.153122,491,miss,obvious,not_applicable,"artistic research on Ullmann piano works and Theresienstadt period; musicology/performance history, not MIR."
90de2b2f1588a1361ec325007a792b0705959237a07e4d99a1b809fa2e7f54e2,ml-shadow-scorer-second-surface-labeling-worksheet-v1,ml_shadow_scorer_second_surface_generalization_v1,https://openalex.org/W4400775761,W4400775761,W4400775761,Effects of Torso Location and Rotation to HRTF,2024,0,jaes,Medical Imaging and Analysis,The significance of representing realistic torso orientation relative to the head in the head-related transfer function (HRTF) is studied in this work. Actual head position relative to the torso is found for 195 persons. The effect of the head position in HRTF is studied by modifying the 3D model of a Kemar head-and-torso simulator geometry by translating...,second_surface_low_score_negative_candidate,rank-83787b91ef,emerging,0.1524,497,miss,not_useful,not_applicable,HRTF effects of torso location and rotation; spatial audio psychoacoustics without music discovery value.
5bf013c2186e15c675b26df5022b12de6b5c564f3b0a8c19524cd5aa38a2a7c2,ml-shadow-scorer-second-surface-labeling-worksheet-v1,ml_shadow_scorer_second_surface_generalization_v1,https://openalex.org/W4412847901,W4412847901,W4412847901,"Miriam Pantoja Donado: A Life Between Scores, Pedagogy, and Sonic Resilience in the Colombian Caribbean",2025,0,,,"The history of those who have devoted their lives to music in Colombia is rarely told with the sensitivity and depth that its resonance deserves. Purpose: To analyze the life and work of Miriam Pantoja Donado (1936-2022), a pioneer in music education in Colombia's Caribbean region, from a historical, pedagogical, and emotional perspective, emphasizing her...",second_surface_low_score_negative_candidate,rank-83787b91ef,emerging,0.152376,498,miss,obvious,not_applicable,"biographical study of Colombian music educator Miriam Pantoja Donado; music-education history, not MIR."
e9ad4c48a730bfcd87a1f808e06128533cde953a84b60d3b301a8a2d6822e3ff,ml-shadow-scorer-second-surface-labeling-worksheet-v1,ml_shadow_scorer_second_surface_generalization_v1,https://openalex.org/W4413438512,W4413438512,W4413438512,Musical Analysis of The Song Homesickness,2025,0,,,"In 1979, with the broadcast of the televised scenic documentary The Legend of the Three Gorges, the featured song Homesickness emerged as a representative work of the period. Its innovative artistic expression sparked widespread discussion. While existing research has largely focused on the cultural implications of the piece, systematic analyses of its mu...",second_surface_low_score_negative_candidate,rank-83787b91ef,emerging,0.151051,505,miss,obvious,not_applicable,musicological analysis of the song Homesickness; humanities case study without technical MIR contribution.
69167934997f98fb969bd0a0c1367b140307b5716baae56be928c290f5714928,ml-shadow-scorer-second-surface-labeling-worksheet-v1,ml_shadow_scorer_second_surface_generalization_v1,https://openalex.org/W7116661261,W7116661261,W7116661261,A Journey through the <em>Unity Atlantic Rhythm Map</em>,2025,0,,,"The Unity Atlantic Rhythm Map is a digital archive prototype that visually unites Afro-diasporic intangible heritage in performances by American, Caribbean and African culture-bearers (mostly emigrés) - and related media from their homelands and the wider diaspora. Watch the 82 second Teaser video (D. C. Molloy 2024b). In the Unity Map, rhythm refers to m...",second_surface_low_score_negative_candidate,rank-83787b91ef,emerging,0.14911,511,acceptable,useful,not_applicable,Unity Atlantic Rhythm Map digital archive prototype for Afro-diasporic performance heritage; music-culture dataset/resource adjacent to MIR.
d5b4fe822578980c714db577f2da7a4e21b1827f044f820b27b7ca0367d3b11f,ml-shadow-scorer-second-surface-labeling-worksheet-v1,ml_shadow_scorer_second_surface_generalization_v1,https://openalex.org/W4404396078,W4404396078,W4404396078,Blackmer's VCA Cell Implemented Using Subthreshold MOSFETs,2024,0,jaes,Advancements in Semiconductor Devices and Circuit Design;Analog and Mixed-Signal Circuit Design,"In 1973, David Blackmer introduced a voltage-controlled amplifier consisting of a pair of negative-positive-negative transistors performing logging and antilogging functions coupled with a complementary positive-negative-positive pair. This ""Blackmer cell"" has been widely used in studio equipment such as compressors and mixers. The authors consider replac...",second_surface_low_score_negative_candidate,rank-83787b91ef,emerging,0.143662,519,miss,not_useful,not_applicable,Blackmer VCA cell implemented with subthreshold MOSFETs for studio compressors; analog circuit design outside music MIR scope.
5dddaff584cdecda867ad9f549b689a9abc8c8d2fdb74b512cad10db28832281,ml-shadow-scorer-second-surface-labeling-worksheet-v1,ml_shadow_scorer_second_surface_generalization_v1,https://openalex.org/W4402556672,W4402556672,W4402556672,Flexible Temperature Sensor for Voice Coils,2024,0,jaes,Wireless Sensor Networks and IoT;Advanced Sensor and Control Systems;Food Supply Chain Traceability,International audience,second_surface_low_score_negative_candidate,rank-83787b91ef,emerging,0.142796,521,miss,not_useful,not_applicable,flexible temperature sensor for loudspeaker voice coils; audio hardware engineering outside music discovery scope.
0a4ff4087ebd35550852bf7a02641e51e1ca876a35b550d6cb2eeac5c99572a1,ml-shadow-scorer-second-surface-labeling-worksheet-v1,ml_shadow_scorer_second_surface_generalization_v1,https://openalex.org/W4412815440,W4412815440,W4412815440,From Bohemia to the New World: Dvořák's Ninth Symphony and the Quest for an American Musical Identity,2025,0,,,"s Carnegie Hall, Anton Seidl gave the downbeat for the premiere of Dvok's Ninth Symphony, From the New World.As Dvok himself watched from the audience, the New York Philharmonic took those in attendance for a journey across various styles of music found in this masterpiece: hurried and lethargic, vigorous and hesitant, fierce and gentle.As the final grand...",second_surface_low_score_negative_candidate,rank-83787b91ef,emerging,0.141596,522,miss,obvious,not_applicable,"historical essay on Dvořák Ninth Symphony and American musical identity; music history, not MIR or recommender research."
